product_slug,product_name,category,headline,seo_title,seo_description,is_published,source_file,body_chars
sony-xperia-5-iv,Sony Xperia 5 IV,buying_guide,Sony Xperia 5 IV Review: The Compact Flagship That Refuses to Compromise,Sony Xperia 5 IV Review: Compact Flagship in Kenya | Affordable Gadgets,"Is the Sony Xperia 5 IV Kenya's best compact flagship? We review its Zeiss camera, 3.5mm jack, SD card slot & Snapdragon 8 Gen 1. Available at Affordable Gadgets KE.",True,blog_content/batches/001-early-birds/001-sony-xperia-5-iv.json,2490
sony-xperia-10-v,Sony Xperia 10 V,buying_guide,Sony Xperia 10 V Review: The World's Lightest 5G Phone With a Monster Battery,Sony Xperia 10 V Review: Lightest 5G Phone in Kenya | Affordable Gadgets,"The Sony Xperia 10 V weighs just 159g yet packs a 5,000mAh battery. Read our full review covering camera, display, and value. Available in Nairobi at Affordable Gadgets KE.",True,blog_content/batches/001-early-birds/002-sony-xperia-10-v.json,2743
samsung-galaxy-a42-5g,Galaxy A42 5G,buying_guide,Samsung Galaxy A42 5G Review: Affordable 5G for Everyday Users in Kenya,Samsung Galaxy A42 5G Review: Budget 5G Phone in Kenya | Affordable Gadgets,"Is the Samsung Galaxy A42 5G the best entry point to 5G in Kenya? We review its Super AMOLED display, battery life, and value. Available at Affordable Gadgets KE.",True,blog_content/batches/001-early-birds/003-galaxy-a42-5g.json,2748
samsung-galaxy-s20-fe-5g,Galaxy S20 FE 5G,buying_guide,Samsung Galaxy S20 FE 5G Review: The Fan Edition That Still Delivers in 2026,Samsung Galaxy S20 FE 5G Review: Still Worth It in 2026? | Affordable Gadgets,"The Galaxy S20 FE 5G remains one of the best-value flagship experiences. We review its 120Hz display, Snapdragon 865, and camera in 2026. Available at Affordable Gadgets KE.",True,blog_content/batches/001-early-birds/004-galaxy-s20-fe-5g.json,2828
google-pixel-7a,Pixel 7A,buying_guide,Google Pixel 7A Review: The Best Camera You Can Get Under 50K in Kenya,Google Pixel 7A Review: Best Camera in Mid-Range | Affordable Gadgets KE,"The Google Pixel 7A brings flagship camera intelligence to the mid-range. We review its Tensor G2 chip, 64MP camera, and value. Available at Affordable Gadgets KE.",True,blog_content/batches/001-early-birds/005-google-pixel-7a.json,3140
iphone-16,iPhone 16,buying_guide,iPhone 16 Review: The Base Model That Finally Feels Premium in 2026,iPhone 16 Review: Apple's Best Base Model Yet | Affordable Gadgets KE,"Is the iPhone 16 the best entry-level iPhone in 2026? We review its A18 chip, 48MP camera, Action Button, and battery life. Available at Affordable Gadgets KE.",True,blog_content/batches/002-apple-iphone-16/001-iphone-16.json,2475
iphone-16-plus,iPhone 16 Plus,buying_guide,"iPhone 16 Plus Review: Big Screen, Big Battery, Smart Price",iPhone 16 Plus Review: Big iPhone Without Pro Price | Affordable Gadgets KE,The iPhone 16 Plus gives you a huge 6.7-inch OLED display and all-day battery without the Pro price tag. Read our full review. Available at Affordable Gadgets KE.,True,blog_content/batches/002-apple-iphone-16/002-iphone-16-plus.json,2470
iphone-16-pro,iPhone 16 Pro,buying_guide,iPhone 16 Pro Review: The Sweet Spot in Apple's 2026 Lineup,iPhone 16 Pro Review: Apple's Best Value Pro in 2026 | Affordable Gadgets KE,"Is the iPhone 16 Pro the best value in Apple's 2026 lineup? We review the A18 Pro chip, 5x telephoto, titanium design, and more. Available at Affordable Gadgets KE.",True,blog_content/batches/002-apple-iphone-16/003-iphone-16-pro.json,2596
iphone-16-pro-max,iPhone 16 Pro Max,buying_guide,iPhone 16 Pro Max Review: The Ultimate iPhone for Power Users in 2026,iPhone 16 Pro Max Review: Best iPhone 2026 | Affordable Gadgets KE,"The iPhone 16 Pro Max is Apple's most powerful phone yet. We review its A18 Pro chip, 6.9-inch display, 5x telephoto, and battery. Available at Affordable Gadgets KE.",True,blog_content/batches/002-apple-iphone-16/004-iphone-16-pro-max.json,2650
iphone-16e,iPhone 16e,buying_guide,"iPhone 16e Review: Apple's Most Affordable iPhone in 2026, Fully Reviewed",iPhone 16e Review: Budget iPhone 2026 | Affordable Gadgets KE,"The iPhone 16e is Apple's most affordable 2026 iPhone. We review its A18 chip, 48MP camera, and value proposition. Available at Affordable Gadgets KE.",True,blog_content/batches/002-apple-iphone-16/005-iphone-16e.json,2445
iphone-17,iPhone 17,buying_guide,iPhone 17 Review: Apple's Most Refined Base Model Yet,iPhone 17 Review: Best Base iPhone 2026 | Affordable Gadgets KE,"The iPhone 17 raises the bar for base iPhones with the A19 chip, 48MP camera, and longer battery life. Read our full review. Available at Affordable Gadgets KE.",True,blog_content/batches/003-apple-iphone-17/001-iphone-17.json,2138
iphone-17-pro,iPhone 17 Pro,buying_guide,iPhone 17 Pro Review: The Pro iPhone That Does It All,iPhone 17 Pro Review: Apple's Pro Power 2026 | Affordable Gadgets KE,"The iPhone 17 Pro brings the A19 Pro chip, upgraded camera system, and titanium design. Read our full review. Available at Affordable Gadgets KE.",True,blog_content/batches/003-apple-iphone-17/002-iphone-17-pro.json,1920
iphone-17-pro-max,iPhone 17 Pro Max,buying_guide,"iPhone 17 Pro Max Review: Apple's Most Powerful Phone, Period",iPhone 17 Pro Max Review: Best Phone 2026 | Affordable Gadgets KE,"The iPhone 17 Pro Max is Apple's ultimate smartphone with A19 Pro, 6.9-inch display, and the best camera system. Read our full review at Affordable Gadgets KE.",True,blog_content/batches/003-apple-iphone-17/003-iphone-17-pro-max.json,2136
iphone-17e,iPhone 17e,buying_guide,iPhone 17e Review: Apple's Affordable Powerhouse Gets Even Better,iPhone 17e Review: Best Budget iPhone 2026 | Affordable Gadgets KE,The iPhone 17e brings the A19 chip and improved camera to Apple's most affordable lineup. Read our full review. Available at Affordable Gadgets KE.,True,blog_content/batches/003-apple-iphone-17/004-iphone-17e.json,1999
iphone-air,iPhone Air,buying_guide,"iPhone Air Review: The Thinnest iPhone Ever, Now in Kenya",iPhone Air Review: Thinnest iPhone Ever | Affordable Gadgets KE,"The iPhone Air is Apple's thinnest and lightest iPhone yet. We review its unique design, A19 chip, and camera. Available at Affordable Gadgets KE.",True,blog_content/batches/003-apple-iphone-17/005-iphone-air.json,2150
iphone-15,iPhone 15,buying_guide,iPhone 15 Review: Why It's Still a Great Buy in 2026,iPhone 15 Review: Still Worth It in 2026? | Affordable Gadgets KE,"Is the iPhone 15 still a good buy in 2026? We review its Dynamic Island, 48MP camera, A16 chip, and USB-C to help you decide. Available at Affordable Gadgets KE.",True,blog_content/batches/004-apple-iphone-15-series/001-iphone-15.json,1726
iphone-15-plus,iPhone 15 Plus,buying_guide,"iPhone 15 Plus Review: Big Battery, Big Screen, Big Value",iPhone 15 Plus Review: Value Big iPhone 2026 | Affordable Gadgets KE,"The iPhone 15 Plus offers the largest battery in the 15 series. Read our full review of its 6.7-inch display, A16 chip, and value in 2026. Available at Affordable Gadgets KE.",True,blog_content/batches/004-apple-iphone-15-series/002-iphone-15-plus.json,1673
iphone-15-pro,iPhone 15 Pro,buying_guide,"iPhone 15 Pro Review: The First Titanium iPhone, Still a Beast in 2026",iPhone 15 Pro Review: Titanium iPhone Value 2026 | Affordable Gadgets KE,The iPhone 15 Pro introduced titanium and the A17 Pro chip. We review if it's still worth buying in 2026. Available at Affordable Gadgets KE.,True,blog_content/batches/004-apple-iphone-15-series/003-iphone-15-pro.json,1800
iphone-15-pro-max,iPhone 15 Pro Max,buying_guide,"iPhone 15 Pro Max Review: The First 5x Zoom iPhone, Still a Flagship",iPhone 15 Pro Max Review: Best Value Pro Max? | Affordable Gadgets KE,The iPhone 15 Pro Max introduced the first 5x optical zoom on iPhone. We review if it's still worth buying in 2026. Available at Affordable Gadgets KE.,True,blog_content/batches/004-apple-iphone-15-series/004-iphone-15-pro-max.json,1693
iphone-14,iPhone 14,buying_guide,iPhone 14 Review: A Solid Choice for Budget Buyers in 2026,iPhone 14 Review: Best Budget iPhone 2026? | Affordable Gadgets KE,"Is the iPhone 14 still worth buying in 2026? We review its A15 chip, camera, and value as a budget iPhone option. Available at Affordable Gadgets KE.",True,blog_content/batches/004-apple-iphone-15-series/005-iphone-14.json,1944
iphone-14-plus,iPhone 14 Plus,buying_guide,iPhone 14 Plus Review: Big Battery on a Budget in 2026,iPhone 14 Plus Review: Budget Big iPhone | Affordable Gadgets KE,The iPhone 14 Plus offers the largest battery in the iPhone 14 series at an affordable price. Read our full review. Available at Affordable Gadgets KE.,True,blog_content/batches/005-apple-older-iphones/001-iphone-14-plus.json,1891
iphone-14-pro,iPhone 14 Pro,buying_guide,"iPhone 14 Pro Review: The Dynamic Island Pioneer, Still Great in 2026",iPhone 14 Pro Review: Dynamic Island Value | Affordable Gadgets KE,The iPhone 14 Pro introduced the Dynamic Island and 48MP camera. We review if it's still worth buying in 2026. Available at Affordable Gadgets KE.,True,blog_content/batches/005-apple-older-iphones/002-iphone-14-pro.json,1906
iphone-14-pro-max,iPhone 14 Pro Max,buying_guide,iPhone 14 Pro Max Review: A Flagship That's Aged Beautifully,iPhone 14 Pro Max Review: Still a Flagship in 2026 | Affordable Gadgets KE,"The iPhone 14 Pro Max remains a capable flagship in 2026. We review its Dynamic Island, 48MP camera, and A16 chip. Available at Affordable Gadgets KE.",True,blog_content/batches/005-apple-older-iphones/003-iphone-14-pro-max.json,1864
iphone-se-3rd-gen,iPhone SE(3rd Gen),buying_guide,"iPhone SE (3rd Gen) Review: The Last Home Button iPhone, Still Worth It?",iPhone SE 3 Review: Budget iPhone 2026 | Affordable Gadgets KE,The iPhone SE 3 is the most affordable iPhone with the A15 chip. Is it still worth buying in 2026? Read our review. Available at Affordable Gadgets KE.,True,blog_content/batches/005-apple-older-iphones/004-iphone-se-3rd-gen.json,2052
iphone-13,iPhone 13,buying_guide,iPhone 13 Review: Why It's Still a Great Buy in 2026,iPhone 13 Review: Best Budget iPhone 2026 | Affordable Gadgets KE,"The iPhone 13 offers excellent value in 2026 with the A15 chip, great camera, and reliable performance. Read our full review. Available at Affordable Gadgets KE.",True,blog_content/batches/005-apple-older-iphones/005-iphone-13.json,1917
iphone-13-pro,iPhone 13 Pro,buying_guide,iPhone 13 Pro Review: ProMotion on a Budget in 2026,iPhone 13 Pro Review: Best Value ProMotion iPhone | Affordable Gadgets KE,The iPhone 13 Pro brought 120Hz ProMotion to the masses. Is it still worth buying in 2026? Read our review at Affordable Gadgets KE.,True,blog_content/batches/006-apple-iphone-13-pro-12-series/001-iphone-13-pro.json,1945
iphone-13-pro-max,iPhone 13 Pro Max,buying_guide,"iPhone 13 Pro Max Review: The Battery King, Still Going Strong in 2026",iPhone 13 Pro Max Review: Best Battery iPhone 2026 | Affordable Gadgets KE,The iPhone 13 Pro Max offered legendary battery life. Is it still worth it in 2026? Read our review at Affordable Gadgets KE.,True,blog_content/batches/006-apple-iphone-13-pro-12-series/002-iphone-13-pro-max.json,1037
iphone-13-mini,iPhone 13 mini,buying_guide,iPhone 13 Mini Review: The Last True Compact Flagship,iPhone 13 Mini Review: Best Small Phone 2026 | Affordable Gadgets KE,The iPhone 13 mini is the last truly compact flagship iPhone. Is it still worth buying in 2026? Review at Affordable Gadgets KE.,True,blog_content/batches/006-apple-iphone-13-pro-12-series/003-iphone-13-mini.json,1073
iphone-12,iPhone 12,buying_guide,"iPhone 12 Review: The Design That Started a New Era, Still Worth It?",iPhone 12 Review: Flat-Edged iPhone Value 2026 | Affordable Gadgets KE,The iPhone 12 introduced the flat-edged design we know today. Is it still a good buy in 2026? Read our review at Affordable Gadgets KE.,True,blog_content/batches/006-apple-iphone-13-pro-12-series/004-iphone-12.json,1055
iphone-12-pro-max,iPhone 12 Pro Max,buying_guide,"iPhone 12 Pro Max Review: The Big Camera Leap, Still a Great Used Buy",iPhone 12 Pro Max Review: Best Used iPhone 2026 | Affordable Gadgets KE,The iPhone 12 Pro Max introduced a significantly larger camera sensor. Is it still worth buying in 2026? Read our review at Affordable Gadgets KE.,True,blog_content/batches/006-apple-iphone-13-pro-12-series/005-iphone-12-pro-max.json,1004
iphone-12-pro,iPhone 12 Pro,buying_guide,iPhone 12 Pro Review: Premium Build at a Budget Price in 2026,iPhone 12 Pro Review: Budget Premium iPhone | Affordable Gadgets KE,"The iPhone 12 Pro offers a stainless steel build, triple cameras, and LiDAR at a budget price in 2026. Read our review at Affordable Gadgets KE.",True,blog_content/batches/007-apple-older-iphones/001-iphone-12-pro.json,1074
iphone-12-mini,iPhone 12 mini,buying_guide,"iPhone 12 mini Review: Ultra-Compact, Still Usable in 2026",iPhone 12 mini Review: Small iPhone Value | Affordable Gadgets KE,The iPhone 12 mini packs flagship features into the smallest iPhone body. Is it still worth buying in 2026? Review at Affordable Gadgets KE.,True,blog_content/batches/007-apple-older-iphones/002-iphone-12-mini.json,811
iphone-11-pro,iPhone 11 Pro,buying_guide,iPhone 11 Pro Review: Premium Triple Cameras at a Bargain Price,iPhone 11 Pro Review: Budget Triple Camera iPhone | Affordable Gadgets KE,The iPhone 11 Pro introduced the triple-camera system. Is it still worth it in 2026? Read our review at Affordable Gadgets KE.,True,blog_content/batches/007-apple-older-iphones/003-iphone-11-pro.json,891
iphone-11-pro-max,iPhone 11 Pro Max,buying_guide,"iPhone 11 Pro Max Review: The First Pro Max, Still a Bargain",iPhone 11 Pro Max Review: Budget Big iPhone | Affordable Gadgets KE,The iPhone 11 Pro Max was Apple's first Max Pro. Is it still worth buying in 2026? Read our review at Affordable Gadgets KE.,True,blog_content/batches/007-apple-older-iphones/004-iphone-11-pro-max.json,747
iphone-11,iPhone 11,buying_guide,iPhone 11 Review: The Best Budget iPhone in 2026?,iPhone 11 Review: Ultra-Budget iPhone 2026 | Affordable Gadgets KE,The iPhone 11 remains one of the most affordable iPhones you can buy. Is it still usable in 2026? Read our review at Affordable Gadgets KE.,True,blog_content/batches/007-apple-older-iphones/005-iphone-11.json,812
iphone-7,iPhone 7,buying_guide,iPhone 7 Review: The Classic That Started Something New,iPhone 7 Review: Budget Classic iPhone | Affordable Gadgets KE,The iPhone 7 removed the headphone jack and introduced water resistance. Is it still usable in 2026? Read our review at Affordable Gadgets KE.,True,blog_content/batches/008-apple-vintage-iphones/001-iphone-7.json,696
iphone-7-plus,iPhone 7 Plus,buying_guide,iPhone 7 Plus Review: The First Dual-Camera iPhone,iPhone 7 Plus Review: First Dual Camera iPhone | Affordable Gadgets KE,The iPhone 7 Plus introduced Apple's first dual-camera system with Portrait mode. Is it still worth it in 2026? Review at Affordable Gadgets KE.,True,blog_content/batches/008-apple-vintage-iphones/002-iphone-7-plus.json,580
iphone-8,iPhone 8,buying_guide,"iPhone 8 Review: The Last of Its Kind, Still Around in 2026",iPhone 8 Review: Last Home Button iPhone | Affordable Gadgets KE,The iPhone 8 was the last iPhone with the classic home button design. Is it still usable in 2026? Review at Affordable Gadgets KE.,True,blog_content/batches/008-apple-vintage-iphones/003-iphone-8.json,707
iphone-8-plus,iPhone 8 Plus,buying_guide,iPhone 8 Plus Review: The Last True Home Button Flagship,iPhone 8 Plus Review: Last Home Button Big iPhone | Affordable Gadgets KE,The iPhone 8 Plus was the last big iPhone with the classic home button. Is it worth it in 2026? Read our review at Affordable Gadgets KE.,True,blog_content/batches/008-apple-vintage-iphones/004-iphone-8-plus.json,680
iphone-x,iPhone X,buying_guide,"iPhone X Review: The iPhone That Changed Everything, Still Around in 2026",iPhone X Review: Face ID Pioneer Still Available | Affordable Gadgets KE,The iPhone X introduced Face ID and the edge-to-edge OLED display. Is it still usable in 2026? Read our review at Affordable Gadgets KE.,True,blog_content/batches/008-apple-vintage-iphones/005-iphone-x.json,817
iphone-xr,iPhone XR,buying_guide,iPhone XR Review: The Colourful iPhone That Aged Surprisingly Well,iPhone XR Review: Budget iPhone 2026 | Affordable Gadgets KE,The iPhone XR brought Face ID and an OLED-like LCD to a lower price. Is it still worth buying in 2026? Review at Affordable Gadgets KE.,True,blog_content/batches/009-apple-xr-xs-acc/001-iphone-xr.json,920
iphone-xs,iPhone XS,buying_guide,"iPhone XS Review: The Refined Premium iPhone, Still Affordable in 2026",iPhone XS Review: Budget OLED iPhone | Affordable Gadgets KE,The iPhone XS refined the iPhone X formula with faster Face ID and better cameras. Is it worth it in 2026? Read our review at Affordable Gadgets KE.,True,blog_content/batches/009-apple-xr-xs-acc/002-iphone-xs.json,793
iphone-xs-max,iPhone XS Max,buying_guide,"iPhone XS Max Review: The First Big Premium iPhone, Still a Bargain",iPhone XS Max Review: Budget Large OLED iPhone | Affordable Gadgets KE,The iPhone XS Max was Apple's first large OLED iPhone. Is it still worth buying in 2026? Read our review at Affordable Gadgets KE.,True,blog_content/batches/009-apple-xr-xs-acc/003-iphone-xs-max.json,715
iphone-rhode-cover,iPhone Rhode Cover,buying_guide,iPhone Rhode Cover Review: Protect Your iPhone in Style in Kenya,iPhone Rhode Cover Review: Stylish Protection | Affordable Gadgets KE,"Protect your iPhone with the Rhode Cover from Affordable Gadgets KE. Premium protection that looks great. Available now in Nairobi, Kenya.",True,blog_content/batches/009-apple-xr-xs-acc/004-iphone-rhode-cover.json,921
iphone-lightning-earphones,iPhone lightning earphones,buying_guide,"iPhone Lightning Earphones Review: Wired Sound, Zero Hassle",iPhone Lightning Earphones Review: Wired Audio | Affordable Gadgets KE,"Original iPhone Lightning Earphones with high-quality audio and built-in remote. Available at Affordable Gadgets KE in Nairobi, Kenya.",True,blog_content/batches/009-apple-xr-xs-acc/005-iphone-lighting-earphones.json,757
apple-20w-usb-c-adapter,Adapter 20W,buying_guide,Apple 20W USB-C Adapter Review: Fast Charging for Your iPhone,Apple 20W Adapter Review: Fast Charge iPhone | Affordable Gadgets KE,"The Apple 20W USB-C power adapter delivers fast charging for iPhone 8 and newer. Available at Affordable Gadgets KE in Nairobi, Kenya.",True,blog_content/batches/010-apple-accessories/001-apple-20w-adapter.json,915
apple-35w-dual-usb-c-adapter,Adapter 35W,buying_guide,Apple 35W Dual USB-C Adapter Review: Charge Two Devices at Once,Apple 35W Dual Adapter Review: Charge Two Devices | Affordable Gadgets KE,The Apple 35W Dual USB-C Adapter charges two devices simultaneously. Perfect for iPhone + AirPods. Available at Affordable Gadgets KE.,True,blog_content/batches/010-apple-accessories/002-apple-35w-adapter.json,737
apple-c-lightning-cable,C-Lightning Cable,buying_guide,Apple C-Lightning Cable Review: Fast Charge & Sync for Your iPhone,Apple C-Lightning Cable Review: Genuine Apple | Affordable Gadgets KE,"The original Apple USB-C to Lightning cable supports fast charging and reliable syncing. Available at Affordable Gadgets KE in Nairobi, Kenya.",True,blog_content/batches/010-apple-accessories/003-apple-c-lighting-cable.json,854
apple-usb-a-to-lightning-cable,USB A-Lightning cable,buying_guide,Apple USB-A to Lightning Cable Review: Reliable Charging for Older Setups,Apple USB-A Lightning Cable Review | Affordable Gadgets KE,The original Apple USB-A to Lightning cable for standard charging and syncing. Available at Affordable Gadgets KE in Nairobi.,True,blog_content/batches/010-apple-accessories/004-apple-usb-a-lighting-cable.json,643
apple-3-in-1-wireless-charger,3 in 1 wireless charger,buying_guide,"Apple 3-in-1 Wireless Charger Review: Charge iPhone, Watch & AirPods Together",Apple 3-in-1 Wireless Charger Review | Affordable Gadgets KE,"Charge your iPhone, Apple Watch, and AirPods simultaneously with the 3-in-1 wireless charger. Available at Affordable Gadgets KE in Nairobi.",True,blog_content/batches/010-apple-accessories/005-apple-3-in-1-wireless-charger.json,717
apple-wireless-iphone-charger,Wireless iPhone Charger,buying_guide,Apple Wireless iPhone Charger Review: Convenient Cable-Free Charging,Wireless iPhone Charger Review | Affordable Gadgets KE,"Charge your iPhone wirelessly with the Apple wireless charger. Fast, convenient, and reliable. Available at Affordable Gadgets KE in Nairobi.",True,blog_content/batches/011-apple-more-accessories/001-wireless-iphone-charger.json,661
vacuum-magnetic-phone-stand,Vacuum Magnetic phone stand,buying_guide,Vacuum Magnetic Phone Stand Review: Hands-Free Viewing Anywhere,Magnetic Phone Stand Review | Affordable Gadgets KE,The Vacuum Magnetic Phone Stand securely holds your phone for hands-free viewing. Available at Affordable Gadgets KE in Nairobi.,True,blog_content/batches/011-apple-more-accessories/002-vacuum-magnetic-phone-stand.json,698
apple-watch-silicone-straps,Apple Watch Silicone Straps,buying_guide,Apple Watch Silicone Straps Review: Swap Your Style Instantly,Apple Watch Silicone Straps Review | Affordable Gadgets KE,"Original Apple Watch silicone straps in multiple colours. Comfortable, durable, and easy to swap. Available at Affordable Gadgets KE in Nairobi.",True,blog_content/batches/011-apple-more-accessories/003-apple-watch-silicone-straps.json,705
ipad-11-a16,iPad 11 A16,buying_guide,iPad 11 (A16) Review: The Best Value iPad in 2026,iPad 11 A16 Review: Best Budget iPad 2026 | Affordable Gadgets KE,The iPad 11 with A16 chip offers incredible value for students and casual users. Read our full review at Affordable Gadgets KE in Nairobi.,True,blog_content/batches/011-apple-more-accessories/004-ipad-11-a16.json,1167
macbook-air,Macbook Air,buying_guide,"MacBook Air Review: Apple's Ultraportable Laptop, Now in Kenya",MacBook Air Review: Best Ultraportable Laptop | Affordable Gadgets KE,"The MacBook Air combines M-series performance with all-day battery. Read our review. Available at Affordable Gadgets KE in Nairobi, Kenya.",True,blog_content/batches/011-apple-more-accessories/005-macbook-air.json,1124
travel-portable-stand,Travel Portable Stand,buying_guide,Travel Portable Stand Review: Your iPhone's Travel Companion,Travel Portable Stand Review | Affordable Gadgets KE,"Compact and foldable portable stand for iPhone. Perfect for travel, desk, and bedside. Available at Affordable Gadgets KE in Nairobi.",True,blog_content/batches/011-apple-more-accessories/006-travel-portable-stand.json,597
ipad-6th-gen,iPad 6th Gen,buying_guide,iPad 6th Gen Review: Reliable Tablet for Everyday Use in Kenya,iPad 6th Gen Review: Budget Tablet Kenya | Affordable Gadgets KE,The iPad 6th Gen offers a reliable tablet experience at an affordable price. Read our review at Affordable Gadgets KE in Nairobi.,True,blog_content/batches/011-apple-more-accessories/007-ipad-6th-gen.json,643
airpods-pro-3,AirPods Pro 3,buying_guide,"AirPods Pro 3 Review: Apple's Best Earbuds Yet, in Kenya",AirPods Pro 3 Review: Best Wireless Earbuds | Affordable Gadgets KE,The AirPods Pro 3 deliver best-in-class active noise cancellation and spatial audio. Read our review at Affordable Gadgets KE in Nairobi.,True,blog_content/batches/011-apple-more-accessories/008-airpods-pro-3.json,837
samsung-galaxy-s26,Galaxy S26,buying_guide,Samsung Galaxy S26 Review: The Flagship Evolution Continues,Samsung Galaxy S26 Review: Latest Flagship | Affordable Gadgets KE,The Samsung Galaxy S26 brings the latest processor and camera innovations. Read our full review. Available at Affordable Gadgets KE in Nairobi.,True,blog_content/batches/012-samsung-galaxy-s26-series/001-galaxy-s26.json,1127
samsung-galaxy-s26,Galaxy S26,buying_guide,"Samsung Galaxy S26+ Review: Bigger Screen, Bigger Battery",Galaxy S26+ Review: Large Flagship | Affordable Gadgets KE,The Galaxy S26+ offers a larger display and bigger battery than the standard S26. Read our review at Affordable Gadgets KE in Nairobi.,True,blog_content/batches/012-samsung-galaxy-s26-series/002-galaxy-s26-plus.json,618
samsung-galaxy-s26-ultra,Galaxy S26 Ultra,buying_guide,Samsung Galaxy S26 Ultra Review: The Ultimate Android Flagship,Galaxy S26 Ultra Review: Best Android Phone | Affordable Gadgets KE,"The Galaxy S26 Ultra is Samsung's most powerful phone with 200MP camera, S Pen, and the latest chip. Read our review at Affordable Gadgets KE.",True,blog_content/batches/012-samsung-galaxy-s26-series/003-galaxy-s26-ultra.json,1021
samsung-galaxy-s25,Galaxy S25,buying_guide,"Samsung Galaxy S25 Review: Compact Power, Premium Feel",Galaxy S25 Review: Compact Flagship | Affordable Gadgets KE,"The Galaxy S25 delivers flagship performance in a compact form. Read our review at Affordable Gadgets KE in Nairobi, Kenya.",True,blog_content/batches/012-samsung-galaxy-s26-series/004-galaxy-s25.json,685
samsung-galaxy-z-fold-7,Samsung Galaxy Z Fold 7,buying_guide,Samsung Galaxy Z Fold 7 Review: The Foldable Phone Matured,Galaxy Z Fold 7 Review: Best Foldable 2026 | Affordable Gadgets KE,"The Galaxy Z Fold 7 is Samsung's most refined foldable yet. Read our full review at Affordable Gadgets KE in Nairobi, Kenya.",True,blog_content/batches/012-samsung-galaxy-s26-series/005-galaxy-z-fold-7.json,927
samsung-galaxy-s25,Galaxy S25,buying_guide,"Samsung Galaxy S25+ Review: Big Screen, Pro Camera, Fast Chip",Galaxy S25+ Review: Large Samsung Flagship | Affordable Gadgets KE,The Galaxy S25+ offers a large 6.7-inch display and Snapdragon 8 Elite Gen 3 power. Read our review at Affordable Gadgets KE.,True,blog_content/batches/013-samsung-s25-s24/001-galaxy-s25-plus.json,579
samsung-galaxy-s25-ultra,Galaxy S25 Ultra,buying_guide,"Samsung Galaxy S25 Ultra Review: The S Pen Flagship, Still a Beast",Galaxy S25 Ultra Review: S Pen Flagship | Affordable Gadgets KE,The Galaxy S25 Ultra combines S Pen productivity with a 200MP camera and flagship chip. Read our review at Affordable Gadgets KE.,True,blog_content/batches/013-samsung-s25-s24/002-galaxy-s25-ultra.json,696
samsung-galaxy-s24,Galaxy S24,buying_guide,Samsung Galaxy S24 Review: AI-Powered Excellence at a Lower Price,Galaxy S24 Review: AI Phone Value | Affordable Gadgets KE,The Galaxy S24 introduced Galaxy AI features in a compact flagship. Read our review at Affordable Gadgets KE in Nairobi.,True,blog_content/batches/013-samsung-s25-s24/003-galaxy-s24.json,794
samsung-galaxy-s24,Galaxy S24,buying_guide,"Samsung Galaxy S24+ Review: Big AI, Big Display, Big Value",Galaxy S24+ Review: Large AI Phone | Affordable Gadgets KE,"The Galaxy S24+ offers a QHD+ display, larger battery, and Galaxy AI. Read our review at Affordable Gadgets KE in Nairobi.",True,blog_content/batches/013-samsung-s25-s24/004-galaxy-s24-plus.json,627
samsung-galaxy-s24-ultra,Galaxy S24 Ultra,buying_guide,"Samsung Galaxy S24 Ultra Review: Titanium, AI, and the S Pen Legacy",Galaxy S24 Ultra Review: Titanium Flagship | Affordable Gadgets KE,"The Galaxy S24 Ultra introduced titanium and Galaxy AI. Read our full review at Affordable Gadgets KE in Nairobi, Kenya.",True,blog_content/batches/013-samsung-s25-s24/005-galaxy-s24-ultra.json,842
samsung-galaxy-z-fold-6,Samsung Galaxy Z Fold 6,buying_guide,"Samsung Galaxy Z Fold 6 Review: Lighter, Slimmer, Smarter Foldable",Galaxy Z Fold 6 Review: Lightweight Foldable | Affordable Gadgets KE,The Galaxy Z Fold 6 is lighter and slimmer with the latest chip and improved cameras. Read our review at Affordable Gadgets KE.,True,blog_content/batches/014-samsung-fold-flip/001-galaxy-z-fold-6.json,659
samsung-galaxy-z-fold-5,Galaxy Z Fold5,buying_guide,Samsung Galaxy Z Fold 5 Review: The First Crease-Free Foldable,Galaxy Z Fold 5 Review: Improved Hinge | Affordable Gadgets KE,The Galaxy Z Fold 5 introduced a new hinge that reduces the crease. Read our review at Affordable Gadgets KE in Nairobi.,True,blog_content/batches/014-samsung-fold-flip/002-galaxy-z-fold-5.json,646
samsung-galaxy-z-fold-4,Samsung Galaxy Z Fold 4,buying_guide,Samsung Galaxy Z Fold 4 Review: Dual-Purpose Phone and Tablet,Galaxy Z Fold 4 Review: Foldable Value | Affordable Gadgets KE,The Galaxy Z Fold 4 offers a 7.6-inch inner display and multitasking prowess. Read our review at Affordable Gadgets KE in Nairobi.,True,blog_content/batches/014-samsung-fold-flip/003-galaxy-z-fold-4.json,564
samsung-galaxy-z-fold-3,Samsung Galaxy Z Fold 3,buying_guide,Samsung Galaxy Z Fold 3 Review: Water-Resistant Foldable at a Discount,Galaxy Z Fold 3 Review: First Waterproof Fold | Affordable Gadgets KE,The Galaxy Z Fold 3 was the first water-resistant foldable. Read our review at Affordable Gadgets KE in Nairobi.,True,blog_content/batches/014-samsung-fold-flip/004-galaxy-z-fold-3.json,594
samsung-galaxy-z-flip-7,Samsung Galaxy Z Flip 7,buying_guide,Samsung Galaxy Z Flip 7 Review: Premium Folding Phone Lifestyle,Galaxy Z Flip 7 Review: Stylish Foldable | Affordable Gadgets KE,The Galaxy Z Flip 7 combines a compact folding design with flagship power. Read our review at Affordable Gadgets KE in Nairobi.,True,blog_content/batches/014-samsung-fold-flip/005-galaxy-z-flip-7.json,685
samsung-galaxy-z-flip-6,Samsung Galaxy Z Flip 6,buying_guide,"Samsung Galaxy Z Flip 6 Review: Big Cover Screen, Big Personality",Galaxy Z Flip 6 Review: Large Cover Screen | Affordable Gadgets KE,The Galaxy Z Flip 6 features a larger 3.4-inch cover screen and a 50MP camera. Read our review at Affordable Gadgets KE.,True,blog_content/batches/015-samsung-s23-s22/001-galaxy-z-flip-6.json,514
samsung-galaxy-z-flip-5,Samsung Galaxy Z Flip 5,buying_guide,Samsung Galaxy Z Flip 5 Review: The Flip That Folds Flat,Galaxy Z Flip 5 Review: Folds Completely Flat | Affordable Gadgets KE,The Galaxy Z Flip 5 folds completely flat with no gap. Read our review at Affordable Gadgets KE in Nairobi.,True,blog_content/batches/015-samsung-s23-s22/002-galaxy-z-flip-5.json,512
samsung-galaxy-z-flip-4,Samsung Galaxy Z Flip 4,buying_guide,Samsung Galaxy Z Flip 4 Review: Refined Clamshell at a Lower Price,Galaxy Z Flip 4 Review: Budget Foldable | Affordable Gadgets KE,The Galaxy Z Flip 4 refined the clamshell design. Read our review at Affordable Gadgets KE in Nairobi.,True,blog_content/batches/015-samsung-s23-s22/003-galaxy-z-flip-4.json,518
samsung-galaxy-s23,Galaxy S23+,buying_guide,Samsung Galaxy S23 Review: Compact Camera King at a Great Price,Galaxy S23 Review: Compact Camera Phone | Affordable Gadgets KE,The Galaxy S23 offers flagship performance and excellent cameras. Read our review at Affordable Gadgets KE in Nairobi.,True,blog_content/batches/015-samsung-s23-s22/004-galaxy-s23.json,640
samsung-galaxy-s23,Galaxy S23+,buying_guide,"Samsung Galaxy S23+ Review: Bigger Battery, Bigger Display",Galaxy S23+ Review: Large Phone | Affordable Gadgets KE,The Galaxy S23+ offers a larger display and battery than the S23. Read our review at Affordable Gadgets KE.,True,blog_content/batches/016-samsung-s21-s20/001-galaxy-s23-plus.json,575
samsung-galaxy-s23-ultra,Galaxy S23 Ultra,buying_guide,Samsung Galaxy S23 Ultra Review: 200MP Camera Powerhouse,Galaxy S23 Ultra Review: 200MP Camera | Affordable Gadgets KE,The Galaxy S23 Ultra introduced the 200MP camera and Snapdragon 8 Gen 2 for Galaxy. Read our review at Affordable Gadgets KE.,True,blog_content/batches/016-samsung-s21-s20/002-galaxy-s23-ultra.json,649
samsung-galaxy-s23-fe,Galaxy S23FE,buying_guide,"Samsung Galaxy S23 FE Review: Fan Edition Value, Flagship Features",Galaxy S23 FE Review: Fan Edition | Affordable Gadgets KE,The Galaxy S23 FE brings flagship features at a lower price. Read our review at Affordable Gadgets KE in Nairobi.,True,blog_content/batches/016-samsung-s21-s20/003-galaxy-s23-fe.json,517
samsung-galaxy-s22,Samsung Galaxy S22,buying_guide,"Samsung Galaxy S22 Review: Compact Premium, Great Value in 2026",Galaxy S22 Review: Compact Phone Value | Affordable Gadgets KE,The Galaxy S22 offers a compact design with flagship cameras. Read our review at Affordable Gadgets KE in Nairobi.,True,blog_content/batches/016-samsung-s21-s20/004-galaxy-s22.json,572
samsung-galaxy-s22-ultra,Galaxy S22 Ultra,buying_guide,Samsung Galaxy S22 Ultra Review: The Note Legacy Continues,Galaxy S22 Ultra Review: Note-Inspired Flagship | Affordable Gadgets KE,The Galaxy S22 Ultra merged the Note's S Pen with the Ultra's camera power. Read our review at Affordable Gadgets KE.,True,blog_content/batches/016-samsung-s21-s20/005-galaxy-s22-ultra.json,658
samsung-galaxy-s21,Samsung Galaxy S21,buying_guide,Samsung Galaxy S21 Review: The Compact Flagship That Started a New Design Era,Galaxy S21 Review: Compact Samsung Phone | Affordable Gadgets KE,The Galaxy S21 introduced Samsung's iconic contour-cut camera design. Is it still worth it in 2026? Read our review at Affordable Gadgets KE.,True,blog_content/batches/017-samsung-s21-s20-note/001-galaxy-s21.json,2308
samsung-galaxy-s21-ultra,Samsung Galaxy S21 Ultra,buying_guide,Samsung Galaxy S21 Ultra Review: The Camera Beast That Set New Standards,Galaxy S21 Ultra Review: Premium Camera Flagship | Affordable Gadgets KE,The Galaxy S21 Ultra introduced the 108MP camera and S Pen support. Is it still worth it in 2026? Read our full review at Affordable Gadgets KE.,True,blog_content/batches/017-samsung-s21-s20-note/002-galaxy-s21-ultra.json,2121
samsung-galaxy-note-20-ultra,Samsung Galaxy Note 20 Ultra,buying_guide,Samsung Galaxy Note 20 Ultra Review: The Last True Note Flagship,Galaxy Note 20 Ultra Review: Last Note Phone | Affordable Gadgets KE,The Galaxy Note 20 Ultra was Samsung's last true Note flagship with S Pen. Is it still worth it in 2026? Read our review at Affordable Gadgets KE.,True,blog_content/batches/017-samsung-s21-s20-note/003-galaxy-note-20-ultra.json,1926
samsung-galaxy-s20-ultra,Samsung Galaxy S20 Ultra,buying_guide,"Samsung Galaxy S20 Ultra Review: The First 100x Zoom Phone, Still Impressive",Galaxy S20 Ultra Review: First 100x Zoom | Affordable Gadgets KE,The Galaxy S20 Ultra introduced 100x Space Zoom and a 108MP camera. Is it still worth buying in 2026? Read our review at Affordable Gadgets KE.,True,blog_content/batches/017-samsung-s21-s20-note/004-galaxy-s20-ultra.json,1761
samsung-galaxy-z-flip-3,Samsung Galaxy Z Flip 3,buying_guide,Samsung Galaxy Z Flip 3 Review: The Foldable That Made Folding Mainstream,Galaxy Z Flip 3 Review: Affordable Foldable | Affordable Gadgets KE,The Galaxy Z Flip 3 brought foldable technology to a wider audience. Is it still worth it in 2026? Read our review at Affordable Gadgets KE.,True,blog_content/batches/017-samsung-s21-s20-note/005-galaxy-z-flip-3.json,1928
samsung-galaxy-s10,Samsung Galaxy S10+,buying_guide,"Samsung Galaxy S10 Review: The 10th Anniversary Flagship, Still Around in 2026",Galaxy S10 Review: Anniversary Phone Value | Affordable Gadgets KE,The Galaxy S10 was Samsung's 10th anniversary flagship with a stunning OLED display. Is it still usable in 2026? Review at Affordable Gadgets KE.,True,blog_content/batches/018-samsung-s10-note/001-galaxy-s10.json,1391
samsung-galaxy-s10-plus,Samsung Galaxy S10+,buying_guide,Samsung Galaxy S10+ Review: The Premium Flagship with Dual Selfie Cameras,Galaxy S10+ Review: Dual Selfie Camera | Affordable Gadgets KE,The Galaxy S10+ featured a 6.4-inch display and dual front cameras. Is it still worth it in 2026? Read our review at Affordable Gadgets KE.,True,blog_content/batches/018-samsung-s10-note/002-galaxy-s10-plus.json,1474
samsung-galaxy-s10e,Samsung Galaxy S10e,buying_guide,"Samsung Galaxy S10e Review: The Compact Fan Favourite, Still Going",Galaxy S10e Review: Compact Samsung | Affordable Gadgets KE,"The Galaxy S10e was the compact, flat-screen alternative in the S10 lineup. Read our review at Affordable Gadgets KE in Nairobi.",True,blog_content/batches/018-samsung-s10-note/003-galaxy-s10e.json,1397
samsung-galaxy-note-10-plus,Samsung Galaxy Note 10+,buying_guide,"Samsung Galaxy Note 10+ Review: The S Pen Productivity Flagship, Revisited",Galaxy Note 10+ Review: S Pen Flagship | Affordable Gadgets KE,"The Galaxy Note 10+ was Samsung's productivity flagship with S Pen, massive display, and DeX. Read our review at Affordable Gadgets KE.",True,blog_content/batches/018-samsung-s10-note/004-galaxy-note-10-plus.json,1459
samsung-galaxy-note-10,Samsung Galaxy Note 10,buying_guide,Samsung Galaxy Note 10 Review: The Compact S Pen Experience,Galaxy Note 10 Review: Compact S Pen | Affordable Gadgets KE,The Galaxy Note 10 offered the full S Pen experience in a more compact body. Read our review at Affordable Gadgets KE in Nairobi.,True,blog_content/batches/018-samsung-s10-note/005-galaxy-note-10.json,1170
samsung-galaxy-a05,Samsung Galaxy A05,buying_guide,Samsung Galaxy A05 Review: The Most Affordable Entry into the Galaxy Ecosystem,Galaxy A05 Review: Budget Samsung Phone | Affordable Gadgets KE,The Galaxy A05 is Samsung's most affordable smartphone with a 50MP camera and 6.7-inch display. Read our review at Affordable Gadgets KE in Nairobi.,True,blog_content/batches/019-samsung-galaxy-a-1/001-galaxy-a05.json,2085
samsung-galaxy-a07,Samsung Galaxy A07,buying_guide,Samsung Galaxy A07 Review: Solid Entry-Level Smartphone for Everyday Use,Galaxy A07 Review: Budget Phone | Affordable Gadgets KE,The Galaxy A07 is Samsung's budget smartphone with a large display and reliable performance. Read our review at Affordable Gadgets KE in Nairobi.,True,blog_content/batches/019-samsung-galaxy-a-1/002-galaxy-a07.json,1717
samsung-galaxy-a12,Samsung Galaxy A12,buying_guide,Samsung Galaxy A12 Review: The Budget Phone with a 48MP Camera,Galaxy A12 Review: Budget Camera Phone | Affordable Gadgets KE,"The Galaxy A12 offers a 48MP quad camera and 5,000mAh battery at an affordable price. Read our review at Affordable Gadgets KE in Nairobi.",True,blog_content/batches/019-samsung-galaxy-a-1/003-galaxy-a12.json,1591
samsung-galaxy-a13,Samsung Galaxy A13,buying_guide,Samsung Galaxy A13 Review: 50MP Camera on a Budget,Galaxy A13 Review: 50MP Budget Phone | Affordable Gadgets KE,The Galaxy A13 brings a 50MP main camera and 90Hz display to the budget segment. Read our review at Affordable Gadgets KE in Nairobi.,True,blog_content/batches/019-samsung-galaxy-a-1/004-galaxy-a13.json,1540
samsung-galaxy-a14,Samsung Galaxy A14,buying_guide,Samsung Galaxy A14 Review: 5G on a Budget with a 50MP Camera,Galaxy A14 Review: 5G Budget Phone | Affordable Gadgets KE,The Galaxy A14 brings 5G connectivity and a 50MP camera to the affordable segment. Read our review at Affordable Gadgets KE in Nairobi.,True,blog_content/batches/019-samsung-galaxy-a-1/005-galaxy-a14.json,1679
samsung-galaxy-a15,Samsung Galaxy A15,buying_guide,Samsung Galaxy A15 Review: Super AMOLED Meets Budget Pricing,Galaxy A15 Review: AMOLED Budget Phone | Affordable Gadgets KE,The Galaxy A15 brings Super AMOLED display quality to the budget segment. Read our review at Affordable Gadgets KE in Nairobi.,True,blog_content/batches/020-samsung-galaxy-a-2/001-galaxy-a15.json,1598
samsung-galaxy-a16,Samsung Galaxy A16,buying_guide,Samsung Galaxy A16 Review: The Modern Budget All-Rounder,Galaxy A16 Review: Budget All-Rounder | Affordable Gadgets KE,"The Galaxy A16 offers Super AMOLED, 90Hz, and 50MP camera at a budget price. Read our review at Affordable Gadgets KE in Nairobi.",True,blog_content/batches/020-samsung-galaxy-a-2/002-galaxy-a16.json,1558
samsung-galaxy-a17,Samsung Galaxy A17,buying_guide,Samsung Galaxy A17 Review: Refined Budget Phone with Super AMOLED Display,Galaxy A17 Review: Super AMOLED Budget | Affordable Gadgets KE,The Galaxy A17 brings Super AMOLED and 90Hz to the budget segment. Read our review at Affordable Gadgets KE in Nairobi.,True,blog_content/batches/020-samsung-galaxy-a-2/003-galaxy-a17.json,1524
samsung-galaxy-a20,Samsung Galaxy A20,buying_guide,Samsung Galaxy A20 Review: Samsung's Affordable Super AMOLED Pioneer,Galaxy A20 Review: Early AMOLED Budget | Affordable Gadgets KE,The Galaxy A20 brought Super AMOLED to the budget segment at an accessible price. Read our review at Affordable Gadgets KE in Nairobi.,True,blog_content/batches/020-samsung-galaxy-a-2/004-galaxy-a20.json,1447
samsung-galaxy-a21,Samsung Galaxy A21,buying_guide,Samsung Galaxy A21 Review: Quad Cameras on a Budget,Galaxy A21 Review: Quad Camera Budget | Affordable Gadgets KE,The Galaxy A21 offered a quad-camera setup and large display at a budget price. Read our review at Affordable Gadgets KE in Nairobi.,True,blog_content/batches/020-samsung-galaxy-a-2/005-galaxy-a21.json,1328
samsung-galaxy-a22,Samsung Galaxy A22,buying_guide,Samsung Galaxy A22 Review: 90Hz AMOLED Meets OIS Camera at a Steal,Galaxy A22 Review: 90Hz AMOLED OIS | Affordable Gadgets KE,The Galaxy A22 offers a 90Hz Super AMOLED display and OIS camera at a budget price. Read our review at Affordable Gadgets KE in Nairobi.,True,blog_content/batches/021-samsung-galaxy-a-3/001-galaxy-a22.json,1637
samsung-galaxy-a23,Samsung Galaxy A23,buying_guide,Samsung Galaxy A23 Review: 50MP Camera and 120Hz Display on a Budget,Galaxy A23 Review: 50MP 120Hz Budget | Affordable Gadgets KE,The Galaxy A23 brings a 50MP OIS camera and 120Hz display to the budget segment. Read our review at Affordable Gadgets KE in Nairobi.,True,blog_content/batches/021-samsung-galaxy-a-3/002-galaxy-a23.json,1474
samsung-galaxy-a24,Samsung Galaxy A24,buying_guide,"Samsung Galaxy A24 Review: Super AMOLED and OIS, Now More Affordable",Galaxy A24 Review: AMOLED OIS Budget | Affordable Gadgets KE,The Galaxy A24 combines Super AMOLED display with OIS camera at an affordable price. Read our review at Affordable Gadgets KE in Nairobi.,True,blog_content/batches/021-samsung-galaxy-a-3/003-galaxy-a24.json,1440
samsung-galaxy-a25,Samsung Galaxy A25,buying_guide,Samsung Galaxy A25 Review: Exynos 1280 Brings Flagship-Like Performance to Budget,Galaxy A25 Review: Exynos 1280 Budget | Affordable Gadgets KE,"The Galaxy A25 features an Exynos 1280 chip, Super AMOLED, and OIS camera at a budget price. Read our review at Affordable Gadgets KE.",True,blog_content/batches/021-samsung-galaxy-a-3/004-galaxy-a25.json,1455
samsung-galaxy-a26,Samsung Galaxy A26,buying_guide,Samsung Galaxy A26 Review: Premium Features Meet Mid-Range Pricing,Galaxy A26 Review: Mid-Range Samsung | Affordable Gadgets KE,"The Galaxy A26 brings Super AMOLED, 120Hz, and a 50MP OIS camera to the mid-range segment. Read our review at Affordable Gadgets KE in Nairobi.",True,blog_content/batches/021-samsung-galaxy-a-3/005-galaxy-a26.json,1812
samsung-galaxy-a30,Samsung Galaxy A30,buying_guide,"Samsung Galaxy A30 Review: Super AMOLED on a Budget, Ahead of Its Time",Galaxy A30 Review: Budget AMOLED | Affordable Gadgets KE,The Galaxy A30 brought Super AMOLED display quality to the budget segment. Read our review at Affordable Gadgets KE in Nairobi.,True,blog_content/batches/022-samsung-galaxy-a-4/001-galaxy-a30.json,1572
samsung-galaxy-a31,Samsung Galaxy A31,buying_guide,Samsung Galaxy A31 Review: Quad Camera and AMOLED at an Unbeatable Price,Galaxy A31 Review: Quad Camera Budget | Affordable Gadgets KE,The Galaxy A31 offers a quad-camera system and Super AMOLED display at a budget price. Read our review at Affordable Gadgets KE in Nairobi.,True,blog_content/batches/022-samsung-galaxy-a-4/002-galaxy-a31.json,1536
samsung-galaxy-a32,Samsung Galaxy A32,buying_guide,Samsung Galaxy A32 Review: 90Hz AMOLED and 64MP Camera on a Budget,Galaxy A32 Review: 64MP 90Hz Budget | Affordable Gadgets KE,The Galaxy A32 brought a 64MP camera and 90Hz Super AMOLED display to the budget segment. Read our review at Affordable Gadgets KE in Nairobi.,True,blog_content/batches/022-samsung-galaxy-a-4/003-galaxy-a32.json,1535
samsung-galaxy-a33,Samsung Galaxy A33,buying_guide,Samsung Galaxy A33 Review: IP67 Water Resistance Meets Super AMOLED,Galaxy A33 Review: Water-Resistant Budget | Affordable Gadgets KE,"The Galaxy A33 brings IP67 water resistance, Super AMOLED, and OIS camera to the mid-range. Read our review at Affordable Gadgets KE in Nairobi.",True,blog_content/batches/022-samsung-galaxy-a-4/004-galaxy-a33.json,1535
samsung-galaxy-a34,Samsung Galaxy A34,buying_guide,Samsung Galaxy A34 Review: Super AMOLED 120Hz and IP67 at a Great Price,Galaxy A34 Review: 120Hz IP67 Mid-Range | Affordable Gadgets KE,The Galaxy A34 offers a 120Hz Super AMOLED display with IP67 water resistance. Read our review at Affordable Gadgets KE in Nairobi.,True,blog_content/batches/022-samsung-galaxy-a-4/005-galaxy-a34.json,1548
samsung-galaxy-a35,Samsung Galaxy A35,buying_guide,Samsung Galaxy A35 Review: Flagship Features in a Mid-Range Body,Galaxy A35 Review: Mid-Range Flagship | Affordable Gadgets KE,"The Galaxy A35 offers Super AMOLED 120Hz, OIS camera, and IP67 at a mid-range price. Read our review at Affordable Gadgets KE in Nairobi.",True,blog_content/batches/023-samsung-galaxy-a-5/001-galaxy-a35.json,1564
samsung-galaxy-a36,Samsung Galaxy A36,buying_guide,Samsung Galaxy A36 Review: Raising the Bar for Mid-Range Phones,Galaxy A36 Review: Best Mid-Range | Affordable Gadgets KE,The Galaxy A36 continues Samsung's legacy of premium mid-range phones with Super AMOLED and OIS. Read our review at Affordable Gadgets KE.,True,blog_content/batches/023-samsung-galaxy-a-5/002-galaxy-a36.json,1334
samsung-galaxy-a37,Samsung Galaxy A37,buying_guide,Samsung Galaxy A37 Review: Compact Mid-Range with Big Features,Galaxy A37 Review: Compact Phone | Affordable Gadgets KE,"The Galaxy A37 offers Super AMOLED, OIS camera, and IP67 in a compact package. Read our review at Affordable Gadgets KE in Nairobi.",True,blog_content/batches/023-samsung-galaxy-a-5/003-galaxy-a37.json,1388
samsung-galaxy-a40,Samsung Galaxy A40,buying_guide,Samsung Galaxy A40 Review: Compact AMOLED at an Entry Price,Galaxy A40 Review: Budget Compact | Affordable Gadgets KE,The Galaxy A40 offered Super AMOLED display in a compact and affordable package. Read our review at Affordable Gadgets KE in Nairobi.,True,blog_content/batches/023-samsung-galaxy-a-5/004-galaxy-a40.json,1328
samsung-galaxy-a41,Samsung Galaxy A41,buying_guide,Samsung Galaxy A41 Review: Compact Phone with a 48MP Camera,Galaxy A41 Review: 48MP Compact | Affordable Gadgets KE,The Galaxy A41 combines a compact design with a 48MP camera and Super AMOLED display. Read our review at Affordable Gadgets KE in Nairobi.,True,blog_content/batches/023-samsung-galaxy-a-5/005-galaxy-a41.json,1234
samsung-galaxy-a50,Samsung Galaxy A50,buying_guide,Samsung Galaxy A50 Review: The Phone That Redefined the Mid-Range,Galaxy A50 Review: Mid-Range Classic | Affordable Gadgets KE,The Galaxy A50 was a landmark mid-range phone with Super AMOLED and triple cameras. Read our review at Affordable Gadgets KE in Nairobi.,True,blog_content/batches/024-samsung-galaxy-a-6/001-galaxy-a50.json,1493
samsung-galaxy-a51,Samsung Galaxy A51,buying_guide,Samsung Galaxy A51 Review: The Best-Selling Android Phone of 2020,Galaxy A51 Review: Best-Selling Android | Affordable Gadgets KE,The Galaxy A51 was the best-selling Android phone of 2020 with Super AMOLED and quad cameras. Read our review at Affordable Gadgets KE.,True,blog_content/batches/024-samsung-galaxy-a-6/002-galaxy-a51.json,1567
samsung-galaxy-a52,Samsung Galaxy A52,buying_guide,Samsung Galaxy A52 Review: IP67 Meets Super AMOLED 90Hz,Galaxy A52 Review: Water-Resistant Mid-Range | Affordable Gadgets KE,"The Galaxy A52 brings IP67 water resistance, 90Hz Super AMOLED, and OIS camera to the mid-range. Read our review at Affordable Gadgets KE.",True,blog_content/batches/024-samsung-galaxy-a-6/003-galaxy-a52.json,1420
samsung-galaxy-a53,Samsung Galaxy A53,buying_guide,"Samsung Galaxy A53 Review: Exynos 1280 and IP67, Refined and Ready",Galaxy A53 Review: Exynos 1280 Mid-Range | Affordable Gadgets KE,"The Galaxy A53 features the Exynos 1280 chip, Super AMOLED 120Hz, and IP67 water resistance. Read our review at Affordable Gadgets KE.",True,blog_content/batches/024-samsung-galaxy-a-6/004-galaxy-a53.json,1521
samsung-galaxy-a55,Samsung Galaxy A55,buying_guide,Samsung Galaxy A55 Review: Premium Build Meets Powerful Exynos Performance,Galaxy A55 Review: Premium Mid-Range | Affordable Gadgets KE,"The Galaxy A55 offers super-fast charging, Super AMOLED 120Hz, and premium build quality. Read our review at Affordable Gadgets KE in Nairobi.",True,blog_content/batches/024-samsung-galaxy-a-6/005-galaxy-a55.json,1424
samsung-galaxy-a56,Samsung Galaxy A56,buying_guide,Samsung Galaxy A56 Review: The Mid-Range Perfected with 45W Charging,Galaxy A56 Review: Fast Charging Mid-Range | Affordable Gadgets KE,"The Galaxy A56 offers 45W fast charging, Super AMOLED 120Hz, and a premium design. Read our review at Affordable Gadgets KE in Nairobi.",True,blog_content/batches/025-samsung-galaxy-a-m/001-galaxy-a56.json,1394
samsung-galaxy-a57,Samsung Galaxy A57,buying_guide,Samsung Galaxy A57 Review: The Premium Mid-Range Experience,Galaxy A57 Review: Premium Mid-Range | Affordable Gadgets KE,"The Galaxy A57 offers a premium design, Super AMOLED display, and fast charging. Read our review at Affordable Gadgets KE in Nairobi.",True,blog_content/batches/025-samsung-galaxy-a-m/002-galaxy-a57.json,1248
samsung-galaxy-a70,Samsung Galaxy A70,buying_guide,"Samsung Galaxy A70 Review: Big Display, Big Battery, Big Value",Galaxy A70 Review: Large Display Phone | Affordable Gadgets KE,"The Galaxy A70 offered a 6.7-inch Super AMOLED display and 4,500mAh battery at a mid-range price. Read our review at Affordable Gadgets KE.",True,blog_content/batches/025-samsung-galaxy-a-m/003-galaxy-a70.json,1421
samsung-galaxy-a71,Samsung Galaxy A71,buying_guide,Samsung Galaxy A71 Review: The Mid-Range King with 64MP Camera,Galaxy A71 Review: 64MP Mid-Range | Affordable Gadgets KE,The Galaxy A71 featured a 64MP camera and Super AMOLED Plus display. Read our review at Affordable Gadgets KE in Nairobi.,True,blog_content/batches/025-samsung-galaxy-a-m/004-galaxy-a71.json,1433
samsung-galaxy-m10,Galaxy M10,buying_guide,Samsung Galaxy M10 Review: Samsung's Budget Entry Point with Massive Battery,Galaxy M10 Review: Budget Battery Phone | Affordable Gadgets KE,The Galaxy M10 offers a large display and Samsung quality at an entry-level price. Read our review at Affordable Gadgets KE in Nairobi.,True,blog_content/batches/025-samsung-galaxy-a-m/005-galaxy-m10.json,1298
samsung-galaxy-m12,Galaxy M12,buying_guide,"Samsung Galaxy M12 Review: 6,000mAh Battery Champion",Galaxy M12 Review: 6000mAh Battery | Affordable Gadgets KE,"The Galaxy M12 features a massive 6,000mAh battery and 48MP camera at a budget price. Read our review at Affordable Gadgets KE in Nairobi.",True,blog_content/batches/025-samsung-galaxy-a-m/006-galaxy-m12.json,1364
samsung-galaxy-m13,Galaxy M13,buying_guide,Samsung Galaxy M13 Review: 50MP Camera with Massive Battery,Galaxy M13 Review: 50MP Budget | Affordable Gadgets KE,"The Galaxy M13 offers a 50MP camera and 5,000mAh battery at an entry-level price. Read our review at Affordable Gadgets KE in Nairobi.",True,blog_content/batches/026-samsung-galaxy-m-1/001-galaxy-m13.json,1340
samsung-galaxy-m14,Galaxy M14,buying_guide,"Samsung Galaxy M14 Review: 5G Connectivity and 6,000mAh Battery",Galaxy M14 Review: 5G Budget Phone | Affordable Gadgets KE,"The Galaxy M14 brings 5G connectivity and a massive 6,000mAh battery at a budget price. Read our review at Affordable Gadgets KE in Nairobi.",True,blog_content/batches/026-samsung-galaxy-m-1/002-galaxy-m14.json,1309
samsung-galaxy-m20,Galaxy M20,buying_guide,Samsung Galaxy M20 Review: The Phone That Started Samsung's Battery Revolution,Galaxy M20 Review: First M-Series | Affordable Gadgets KE,"The Galaxy M20 was Samsung's first M-series phone, offering a 5,000mAh battery. Read our review at Affordable Gadgets KE in Nairobi.",True,blog_content/batches/026-samsung-galaxy-m-1/003-galaxy-m20.json,1350
samsung-galaxy-m21,Galaxy M21,buying_guide,"Samsung Galaxy M21 Review: Super AMOLED Meets 6,000mAh Battery",Galaxy M21 Review: AMOLED Battery | Affordable Gadgets KE,"The Galaxy M21 combined Super AMOLED display with a 6,000mAh battery at a budget price. Read our review at Affordable Gadgets KE in Nairobi.",True,blog_content/batches/026-samsung-galaxy-m-1/004-galaxy-m21.json,1352
samsung-galaxy-m22,Galaxy M22,buying_guide,Samsung Galaxy M22 Review: 90Hz AMOLED and 48MP OIS Camera,Galaxy M22 Review: 90Hz AMOLED OIS | Affordable Gadgets KE,The Galaxy M22 offers 90Hz Super AMOLED and 48MP OIS camera at a budget price. Read our review at Affordable Gadgets KE in Nairobi.,True,blog_content/batches/026-samsung-galaxy-m-1/005-galaxy-m22.json,1292
samsung-galaxy-m23-5g,Galaxy M23 5G,buying_guide,Samsung Galaxy M23 5G Review: Affordable 5G with a 50MP Camera,Galaxy M23 5G Review: Budget 5G | Affordable Gadgets KE,The Galaxy M23 5G brings 5G connectivity and a 50MP camera at an affordable price. Read our review at Affordable Gadgets KE in Nairobi.,True,blog_content/batches/027-samsung-galaxy-m-2/001-galaxy-m23-5g.json,1338
samsung-galaxy-m30s,Galaxy M30s,buying_guide,"Samsung Galaxy M30s Review: 6,000mAh Battery and 48MP Camera",Galaxy M30s Review: 6000mAh Battery | Affordable Gadgets KE,"The Galaxy M30s combines a 6,000mAh battery with a 48MP camera at a budget price. Read our review at Affordable Gadgets KE in Nairobi.",True,blog_content/batches/027-samsung-galaxy-m-2/002-galaxy-m30s.json,1415
samsung-galaxy-m31,Galaxy M31,buying_guide,Samsung Galaxy M31 Review: 64MP Camera with Massive Battery,Galaxy M31 Review: 64MP Budget | Affordable Gadgets KE,"The Galaxy M31 offers a 64MP camera and 6,000mAh battery at a budget price. Read our review at Affordable Gadgets KE in Nairobi.",True,blog_content/batches/027-samsung-galaxy-m-2/003-galaxy-m31.json,1332
samsung-galaxy-m32,Galaxy M32,buying_guide,Samsung Galaxy M32 Review: 90Hz Super AMOLED with a Massive Battery,Galaxy M32 Review: 90Hz AMOLED | Affordable Gadgets KE,"The Galaxy M32 offers 90Hz Super AMOLED display and 6,000mAh battery at a budget price. Read our review at Affordable Gadgets KE in Nairobi.",True,blog_content/batches/027-samsung-galaxy-m-2/004-galaxy-m32.json,1316
samsung-galaxy-m33-5g,Galaxy M33 5G,buying_guide,Samsung Galaxy M33 5G Review: 5G Speed with 120Hz Display,Galaxy M33 5G Review: 5G 120Hz | Affordable Gadgets KE,"The Galaxy M33 5G offers 5G connectivity, 120Hz display, and a 6,000mAh battery. Read our review at Affordable Gadgets KE in Nairobi.",True,blog_content/batches/027-samsung-galaxy-m-2/005-galaxy-m33-5g.json,1275
samsung-galaxy-m40,Galaxy M40,buying_guide,Samsung Galaxy M40 Review: Infinity-O Display on a Budget,Galaxy M40 Review: Hole-Punch Display | Affordable Gadgets KE,The Galaxy M40 brought Infinity-O hole-punch display technology to Samsung's budget M-series. Read our review at Affordable Gadgets KE in Nairobi.,True,blog_content/batches/028-samsung-galaxy-m-3/001-galaxy-m40.json,1289
samsung-galaxy-m51,Galaxy M51,buying_guide,"Samsung Galaxy M51 Review: The Ultimate Battery Phone with 7,000mAh",Galaxy M51 Review: 7000mAh Battery | Affordable Gadgets KE,"The Galaxy M51 features a massive 7,000mAh battery and Super AMOLED display. Read our review at Affordable Gadgets KE in Nairobi.",True,blog_content/batches/028-samsung-galaxy-m-3/002-galaxy-m51.json,1412
samsung-galaxy-m52,Galaxy M52,buying_guide,"Samsung Galaxy M52 Review: Slim Design, 120Hz Display, 5G Connectivity",Galaxy M52 Review: Slim 5G Phone | Affordable Gadgets KE,The Galaxy M52 combines a slim design with 120Hz Super AMOLED and 5G. Read our review at Affordable Gadgets KE in Nairobi.,True,blog_content/batches/028-samsung-galaxy-m-3/003-galaxy-m52.json,1302
samsung-galaxy-m53,Galaxy M53,buying_guide,Samsung Galaxy M53 Review: 108MP Camera and 120Hz Super AMOLED,Galaxy M53 Review: 108MP Camera | Affordable Gadgets KE,The Galaxy M53 features a 108MP camera and 120Hz Super AMOLED display. Read our review at Affordable Gadgets KE in Nairobi.,True,blog_content/batches/028-samsung-galaxy-m-3/004-galaxy-m53.json,1359
samsung-galaxy-m54,Galaxy M54,buying_guide,Samsung Galaxy M54 Review: Samsung's Best Budget Phone Yet,Galaxy M54 Review: Best Budget | Affordable Gadgets KE,"The Galaxy M54 offers a 108MP camera, 120Hz Super AMOLED, and 6,000mAh battery. Read our review at Affordable Gadgets KE in Nairobi.",True,blog_content/batches/028-samsung-galaxy-m-3/005-galaxy-m54.json,1404
samsung-galaxy-s23,Galaxy S23,buying_guide,Samsung Galaxy S23 Review: Compact Camera King at a Great Price,Galaxy S23 Review: Compact Samsung | Affordable Gadgets KE,"The Galaxy S23 offers a 50MP camera, 120Hz display, and Snapdragon 8 Gen 2 for Galaxy at a great price. Read our review at Affordable Gadgets KE.",True,blog_content/batches/029-remaining-samsung-google/001-galaxy-s23.json,1605
samsung-galaxy-s24-plus,Galaxy S24+,buying_guide,Samsung Galaxy S24+ Review: AI Intelligence Meets a Big Display,Galaxy S24+ Review: AI Smartphone | Affordable Gadgets KE,"The Galaxy S24+ brings Galaxy AI, a QHD+ display, and a large battery. Read our review at Affordable Gadgets KE in Nairobi.",True,blog_content/batches/029-remaining-samsung-google/002-galaxy-s24-plus.json,1517
samsung-galaxy-s25-plus,Galaxy S25+,buying_guide,"Samsung Galaxy S25+ Review: One UI 7, Snapdragon Elite, and AI Everywhere",Galaxy S25+ Review: Latest Samsung | Affordable Gadgets KE,"The Galaxy S25+ features the Snapdragon 8 Elite chip, One UI 7, and advanced Galaxy AI features. Read our review at Affordable Gadgets KE.",True,blog_content/batches/029-remaining-samsung-google/003-galaxy-s25-plus.json,1582
samsung-galaxy-s26-plus,Galaxy S26+,buying_guide,Samsung Galaxy S26+ Review: The Future of Flagship Smartphones,Galaxy S26+ Review: Newest Samsung | Affordable Gadgets KE,The Galaxy S26+ is Samsung's latest flagship with cutting-edge technology. Read our review at Affordable Gadgets KE in Nairobi.,True,blog_content/batches/029-remaining-samsung-google/004-galaxy-s26-plus.json,1494
samsung-galaxy-z-fold-5,Samsung Galaxy Fold 5,buying_guide,Samsung Galaxy Z Fold 5 Review: The Crease-Free Foldable That Perfected the Formula,Galaxy Z Fold 5 Review: Best Foldable | Affordable Gadgets KE,"The Galaxy Z Fold 5 features a crease-free display, S Pen support, and improved hinge design. Read our review at Affordable Gadgets KE.",True,blog_content/batches/029-remaining-samsung-google/005-galaxy-z-fold-5.json,1526
samsung-galaxy-note-20,Samsung Galaxy Note 20,buying_guide,Samsung Galaxy Note 20 Review: S Pen Productivity at a Lower Entry Point,Galaxy Note 20 Review: S Pen Phone | Affordable Gadgets KE,"The Galaxy Note 20 offers the S Pen experience, Samsung DeX, and a large display at a more accessible price. Read our review at Affordable Gadgets KE.",True,blog_content/batches/030-samsung-remaining-1/001-galaxy-note-20.json,1598
samsung-galaxy-s10,Samsung Galaxy S10,buying_guide,"Samsung Galaxy S10 Review: The 10th Anniversary Flagship, Still a Classic",Galaxy S10 Review: Samsung Classic | Affordable Gadgets KE,The Galaxy S10 was Samsung's 10th anniversary flagship with Dynamic AMOLED display and wireless charging. Read our review at Affordable Gadgets KE.,True,blog_content/batches/030-samsung-remaining-1/002-galaxy-s10.json,1561
samsung-galaxy-s10-lite,Samsung Galaxy S10 lite,buying_guide,"Samsung Galaxy S10 Lite Review: Flagship Features, Lower Price",Galaxy S10 Lite Review: Budget Flagship | Affordable Gadgets KE,The Galaxy S10 Lite brought flagship performance and features at a more accessible price. Read our review at Affordable Gadgets KE in Nairobi.,True,blog_content/batches/030-samsung-remaining-1/003-galaxy-s10-lite.json,1435
samsung-galaxy-s20,Samsung Galaxy S20,buying_guide,Samsung Galaxy S20 Review: The Phone That Pioneered 120Hz Displays,Galaxy S20 Review: 120Hz Pioneer | Affordable Gadgets KE,The Galaxy S20 introduced 120Hz displays and 8K video recording to the flagship segment. Read our review at Affordable Gadgets KE in Nairobi.,True,blog_content/batches/030-samsung-remaining-1/004-galaxy-s20.json,1413
samsung-galaxy-s20-plus,Samsung Galaxy S20+,buying_guide,Samsung Galaxy S20+ Review: The Big-Screen 120Hz Flagship That Had It All,Galaxy S20+ Review: Large 120Hz Phone | Affordable Gadgets KE,"The Galaxy S20+ offered a 6.7-inch 120Hz display, quad cameras, and 5G connectivity. Read our review at Affordable Gadgets KE in Nairobi.",True,blog_content/batches/030-samsung-remaining-1/005-galaxy-s20-plus.json,1315
samsung-galaxy-s21-plus,Samsung Galaxy S21+,buying_guide,"Samsung Galaxy S21+ Review: Big Screen, Pro Camera, Great Value",Galaxy S21+ Review: Large Phone | Affordable Gadgets KE,"The Galaxy S21+ offers a 6.7-inch display, 64MP camera, and premium design at a great price. Read our review at Affordable Gadgets KE in Nairobi.",True,blog_content/batches/031-samsung-remaining-2/001-galaxy-s21-plus.json,1343
samsung-galaxy-s21-fe,Samsung Galaxy S21FE,buying_guide,"Samsung Galaxy S21 FE Review: Fan Edition Value, Last-Gen Flagship Soul",Galaxy S21 FE Review: Fan Edition | Affordable Gadgets KE,The Galaxy S21 FE brings flagship features from the S21 series at a lower price. Read our review at Affordable Gadgets KE in Nairobi.,True,blog_content/batches/031-samsung-remaining-2/002-galaxy-s21-fe.json,1327
samsung-galaxy-s22-ultra,Samsung Galaxy S22 Ultra,buying_guide,Samsung Galaxy S22 Ultra Review: The Note Legacy Reborn,Galaxy S22 Ultra Review: Note-Inspired | Affordable Gadgets KE,The Galaxy S22 Ultra merged the Note's S Pen with the S series' camera power. Read our review at Affordable Gadgets KE in Nairobi.,True,blog_content/batches/031-samsung-remaining-2/003-galaxy-s22-ultra.json,1311
samsung-galaxy-s22-plus,Samsung Galaxy S22+,buying_guide,"Samsung Galaxy S22+ Review: Bigger Battery, Bigger Display, Better Value",Galaxy S22+ Review: Mid-Size Flagship | Affordable Gadgets KE,"The Galaxy S22+ offers a 6.6-inch display, 50MP camera, and 45W charging. Read our review at Affordable Gadgets KE in Nairobi.",True,blog_content/batches/031-samsung-remaining-2/004-galaxy-s22-plus.json,1335
apple-airpods-pro-3,Airpod Pro 3,buying_guide,Apple AirPods Pro 3 Review: The Best Wireless Earbuds Get Even Better,AirPods Pro 3 Review: Best Earbuds | Affordable Gadgets KE,"The AirPods Pro 3 offers improved ANC, better sound, and USB-C charging. Read our review at Affordable Gadgets KE in Nairobi.",True,blog_content/batches/031-samsung-remaining-2/005-airpods-pro-3.json,1569
google-pixel-8,Pixel 8,buying_guide,Google Pixel 8 Review: Pure Android with AI-Powered Photography,Pixel 8 Review: Google AI Phone | Affordable Gadgets KE,"The Google Pixel 8 offers pure Android, Tensor G3 chip, and AI-powered camera features. Read our review at Affordable Gadgets KE in Nairobi.",True,blog_content/batches/032-misc-brands/001-google-pixel-8.json,1743
oneplus-9-5g,OnePlus 9 5G,buying_guide,OnePlus 9 5G Review: Hasselblad Cameras Meet OnePlus Speed,OnePlus 9 5G Review: Hasselblad Camera | Affordable Gadgets KE,"The OnePlus 9 5G features Hasselblad-tuned cameras, Snapdragon 888, and Warp Charging. Read our review at Affordable Gadgets KE in Nairobi.",True,blog_content/batches/032-misc-brands/002-oneplus-9-5g.json,1467
phone-earphones,Earphones,buying_guide,Phone Earphones Review: Reliable Wired Audio for Everyday Use,Phone Earphones Review: Wired Audio | Affordable Gadgets KE,Quality wired earphones offer reliable audio with no battery anxiety. Read our review at Affordable Gadgets KE in Nairobi.,True,blog_content/batches/032-misc-brands/003-earphones.json,920
laptop-stand,Laptop Stand,buying_guide,"Laptop Stand Review: Better Ergonomics, Better Productivity",Laptop Stand Review: Ergonomic | Affordable Gadgets KE,"A laptop stand improves posture, airflow, and productivity. Read our review at Affordable Gadgets KE in Nairobi.",True,blog_content/batches/032-misc-brands/004-laptop-stand.json,891
octobuddy,Octobuddy,buying_guide,Octobuddy Review: The Universal Phone Grip and Stand,Octobuddy Review: Phone Grip | Affordable Gadgets KE,The Octobuddy is a versatile phone grip and stand for secure one-handed use. Read our review at Affordable Gadgets KE in Nairobi.,True,blog_content/batches/032-misc-brands/005-octobuddy.json,899
powerbank,Powerbank,buying_guide,Powerbank Review: Never Run Out of Battery Again,Powerbank Review: Portable Charger | Affordable Gadgets KE,A high-capacity power bank keeps your devices charged all day. Read our review at Affordable Gadgets KE in Nairobi.,True,blog_content/batches/032-misc-brands/006-powerbank.json,951
airpods-4,AirPods 4,buying_guide,"AirPods 4 Review: Performance, Battery, and Value in Kenya",AirPods 4 in Kenya: Affordable Review & Specs | Affordable G,"Thinking about buying the AirPods 4 in Kenya? We break down everything you need to know from Ksh 18,500 — from features and battery life to real-world performan",True,blog_content/batches/033-product-spotlights-1/001-airpods-4.json,1890
airpods-max-usb-c,AirPods Max (USB-C),buying_guide,AirPods Max (USB-C): Best Price on This Apple Accessory in Kenya,AirPods Max (USB-C) in Kenya: Affordable Review & Specs | Af,"Read our full review of the affordable AirPods Max (USB-C) by Apple from Ksh 70,000. Discover key features, battery life, and best price in Kenya. Warranty and ",True,blog_content/batches/033-product-spotlights-1/002-airpods-max-usb-c.json,1871
airpods-pro-2,AirPods Pro 2,buying_guide,AirPods Pro 2 Review: Affordable Apple Accessory in Kenya,AirPods Pro 2 in Kenya: Affordable Review & Specs | Affordab,"Looking for the AirPods Pro 2 at the best price in Kenya? Read our review covering design, battery, and value from Ksh 27,500. Available with warranty and same ",True,blog_content/batches/033-product-spotlights-1/003-airpods-pro-2.json,1912
apple-magic-mouse,Apple Magic Mouse,buying_guide,Apple Magic Mouse Review: Affordable Apple Accessory in Kenya,Apple Magic Mouse: Affordable Review & Buying Guide Kenya | ,"Thinking about buying the Apple Magic Mouse in Kenya? We break down everything you need to know from Ksh 13,000 — from features and battery life to real-world p",True,blog_content/batches/033-product-spotlights-1/004-apple-magic-mouse.json,1862
apple-watch-se-2-44mm,Apple Watch SE 2 44mm,buying_guide,"Apple Watch SE 2 44mm Review: Performance, Battery, and Value in Kenya",Apple Watch SE 2 44mm in Kenya: Affordable Review & Specs | ,"Thinking about buying the Apple Watch SE 2 44mm in Kenya? We break down everything you need to know from Ksh 31,500 — from features and battery life to real-wor",True,blog_content/batches/033-product-spotlights-1/005-apple-watch-se-2-44mm.json,1912
apple-watch-se-3-40mm,Apple Watch SE 3 40mm,buying_guide,Apple Watch SE 3 40mm Review: Affordable Apple Accessory in Kenya,Apple Watch SE 3 40mm in Kenya: Affordable Review & Specs | ,"Looking for the Apple Watch SE 3 40mm at the best price in Kenya? Read our review covering design, battery, and value from Ksh 36,000. Available with warranty a",True,blog_content/batches/033-product-spotlights-1/006-apple-watch-se-3-40mm.json,1893
apple-watch-se-3-44mm,Apple Watch SE 3 44mm,buying_guide,"Apple Watch SE 3 44mm Review: Affordable Price, Great Value in Kenya",Buy Apple Watch SE 3 44mm in Kenya at Best Price | Affordabl,"Read our full review of the affordable Apple Watch SE 3 44mm by Apple from Ksh 39,000. Discover key features, battery life, and best price in Kenya. Warranty an",True,blog_content/batches/033-product-spotlights-1/007-apple-watch-se-3-44mm.json,1917
apple-watch-series-10-46mm,Apple Watch Series 10 46mm,buying_guide,"Apple Watch Series 10 46mm Review: Affordable Price, Great Value in Kenya",Apple Watch Series 10 46mm Review & Best Price | Affordable ,"Read our full review of the affordable Apple Watch Series 10 46mm by Apple from Ksh 46,000. Discover key features, battery life, and best price in Kenya. Warran",True,blog_content/batches/033-product-spotlights-1/008-apple-watch-series-10-46mm.json,1949
apple-watch-series-11-42mm,Apple Watch Series 11 42mm,buying_guide,"Apple Watch Series 11 42mm Review: Affordable Price, Great Value in Kenya",Apple Watch Series 11 42mm: Affordable Review & Buying Guide,"Read our full review of the affordable Apple Watch Series 11 42mm by Apple from Ksh 47,000. Discover key features, battery life, and best price in Kenya. Warran",True,blog_content/batches/033-product-spotlights-1/009-apple-watch-series-11-42mm.json,1942
apple-watch-series-11-46mm,Apple Watch Series 11 46mm,buying_guide,Apple Watch Series 11 46mm: Best Price on This Apple Accessory in Kenya,Apple Watch Series 11 46mm Review & Best Price | Affordable ,"Looking for the Apple Watch Series 11 46mm at the best price in Kenya? Read our review covering design, battery, and value from Ksh 53,500. Available with warra",True,blog_content/batches/033-product-spotlights-1/010-apple-watch-series-11-46mm.json,1899
apple-watch-ultra-3-2025-49mm,Apple Watch Ultra 3 (2025) 49mm,buying_guide,Apple Watch Ultra 3 (2025) 49mm Review: Affordable Apple Accessory in Kenya,Apple Watch Ultra 3 (2025) 49mm Review & Best Price | Afford,"Looking for the Apple Watch Ultra 3 (2025) 49mm at the best price in Kenya? Read our review covering design, battery, and value from Ksh 110,000. Available with",True,blog_content/batches/033-product-spotlights-1/011-apple-watch-ultra-3-2025-49mm.json,1982
macbook-air-m1-13-inch-256gb-8gb-ram,MacBook Air M1 13 inch 256GB 8GB RAM,buying_guide,"MacBook Air M1 13 inch 256GB 8GB RAM Review: Performance, Battery, and Value in Kenya",Buy MacBook Air M1 13 inch 256GB 8GB RAM in Kenya at Best Pr,"Read our full review of the affordable MacBook Air M1 13 inch 256GB 8GB RAM by Apple from Ksh 80,000. Discover key features, battery life, and best price in Ken",True,blog_content/batches/033-product-spotlights-1/012-macbook-air-m1-13-inch-256gb-8gb-ram.json,2074
macbook-air-m2-13-inch-256gb-16gb-ram,MacBook Air M2 13 inch 256GB 16GB RAM,buying_guide,MacBook Air M2 13 inch 256GB 16GB RAM Review: Affordable Apple Laptop / Computer in Kenya,MacBook Air M2 13 inch 256GB 16GB RAM Review: Best Price in ,"Read our full review of the affordable MacBook Air M2 13 inch 256GB 16GB RAM by Apple from Ksh 108,000. Discover key features, battery life, and best price in K",True,blog_content/batches/033-product-spotlights-1/013-macbook-air-m2-13-inch-256gb-16gb-ram.json,2063
macbook-air-m3-13-inch-512gb-16gb-ram,MacBook Air M3 13 inch 512GB 16GB RAM,buying_guide,MacBook Air M3 13 inch 512GB 16GB RAM: Best Price on This Apple Laptop / Computer in Kenya,MacBook Air M3 13 inch 512GB 16GB RAM: Affordable Review & B,"Looking for the MacBook Air M3 13 inch 512GB 16GB RAM at the best price in Kenya? Read our review covering design, battery, and value from Ksh 138,000. Availabl",True,blog_content/batches/033-product-spotlights-1/014-macbook-air-m3-13-inch-512gb-16gb-ram.json,2156
macbook-air-m4-13-inch-256gb-16gb-ram,MacBook Air M4 13 inch 256GB 16GB RAM,buying_guide,"MacBook Air M4 13 inch 256GB 16GB RAM Review: Performance, Battery, and Value in Kenya",MacBook Air M4 13 inch 256GB 16GB RAM Review & Best Price | ,"Looking for the MacBook Air M4 13 inch 256GB 16GB RAM at the best price in Kenya? Read our review covering design, battery, and value from Ksh 150,000. Availabl",True,blog_content/batches/033-product-spotlights-1/015-macbook-air-m4-13-inch-256gb-16gb-ram.json,2098
macbook-air-m5-13-inch-512gb-16gb-ram,MacBook Air M5 13 inch 512GB 16GB RAM,buying_guide,"MacBook Air M5 13 inch 512GB 16GB RAM Review: Performance, Battery, and Value in Kenya",MacBook Air M5 13 inch 512GB 16GB RAM Review & Best Price | ,"Looking for the MacBook Air M5 13 inch 512GB 16GB RAM at the best price in Kenya? Read our review covering design, battery, and value from Ksh 165,000. Availabl",True,blog_content/batches/033-product-spotlights-1/016-macbook-air-m5-13-inch-512gb-16gb-ram.json,2071
macbook-pro-m4-142-inch-512gb-16gb-ram,MacBook Pro M4 14.2 inch 512GB 16GB RAM,buying_guide,"MacBook Pro M4 14.2 inch 512GB 16GB RAM Review: Affordable Price, Great Value in Kenya",MacBook Pro M4 14.2 inch 512GB 16GB RAM in Kenya: Affordable,"Thinking about buying the MacBook Pro M4 14.2 inch 512GB 16GB RAM in Kenya? We break down everything you need to know from Ksh 218,000 — from features and batte",True,blog_content/batches/033-product-spotlights-1/017-macbook-pro-m4-142-inch-512gb-16gb-ram.json,2060
macbook-pro-m5-142-inch-512gb-16gb-ram,MacBook Pro M5 14.2 inch 512GB 16GB RAM,buying_guide,MacBook Pro M5 14.2 inch 512GB 16GB RAM Review: Affordable Apple Laptop / Computer in Kenya,MacBook Pro M5 14.2 inch 512GB 16GB RAM: Affordable Review &,"Looking for the MacBook Pro M5 14.2 inch 512GB 16GB RAM at the best price in Kenya? Read our review covering design, battery, and value from Ksh 230,000. Availa",True,blog_content/batches/033-product-spotlights-1/018-macbook-pro-m5-142-inch-512gb-16gb-ram.json,2084
imac-m1-24-inch-256gb-8gb-ram,iMac M1 24 inch 256GB 8GB RAM,buying_guide,"iMac M1 24 inch 256GB 8GB RAM Review: Affordable Price, Great Value in Kenya",iMac M1 24 inch 256GB 8GB RAM in Kenya: Affordable Review & ,"Thinking about buying the iMac M1 24 inch 256GB 8GB RAM in Kenya? We break down everything you need to know from Ksh 145,000 — from features and battery life to",True,blog_content/batches/033-product-spotlights-1/019-imac-m1-24-inch-256gb-8gb-ram.json,2033
ipad-10th-gen-64gb-cellular,iPad 10th gen 64GB Cellular,buying_guide,"iPad 10th gen 64GB Cellular Review: Affordable Price, Great Value in Kenya",iPad 10th gen 64GB Cellular: Affordable Review & Buying Guid,"Looking for the iPad 10th gen 64GB Cellular at the best price in Kenya? Read our review covering design, battery, and value from Ksh 55,000. Available with warr",True,blog_content/batches/033-product-spotlights-1/020-ipad-10th-gen-64gb-cellular.json,1905
ipad-11th-gen-128gb-cellular,iPad 11th gen 128GB Cellular,buying_guide,"iPad 11th gen 128GB Cellular Review: Affordable Price, Great Value in Kenya",iPad 11th gen 128GB Cellular: Affordable Review & Buying Gui,"Thinking about buying the iPad 11th gen 128GB Cellular in Kenya? We break down everything you need to know from Ksh 68,500 — from features and battery life to r",True,blog_content/batches/033-product-spotlights-1/021-ipad-11th-gen-128gb-cellular.json,1928
ipad-11th-gen-256gb-cellular,iPad 11th gen 256GB Cellular,buying_guide,"iPad 11th gen 256GB Cellular Review: Affordable Price, Great Value in Kenya",iPad 11th gen 256GB Cellular Review & Best Price | Affordabl,"Looking for the iPad 11th gen 256GB Cellular at the best price in Kenya? Read our review covering design, battery, and value from Ksh 92,000. Available with war",True,blog_content/batches/033-product-spotlights-1/022-ipad-11th-gen-256gb-cellular.json,1950
ipad-11th-gen-256gb-wifi,iPad 11th gen 256GB WiFi,buying_guide,iPad 11th gen 256GB WiFi: Best Price on This Apple Tablet in Kenya,iPad 11th gen 256GB WiFi Review & Best Price | Affordable Ga,"Read our full review of the affordable iPad 11th gen 256GB WiFi by Apple from Ksh 68,000. Discover key features, battery life, and best price in Kenya. Warranty",True,blog_content/batches/033-product-spotlights-1/023-ipad-11th-gen-256gb-wifi.json,1919
ipad-air-m3-128gb-cellular,iPad Air M3 128GB Cellular,buying_guide,"iPad Air M3 128GB Cellular Review: Performance, Battery, and Value in Kenya",iPad Air M3 128GB Cellular in Kenya: Affordable Review & Spe,"Thinking about buying the iPad Air M3 128GB Cellular in Kenya? We break down everything you need to know from Ksh 100,000 — from features and battery life to re",True,blog_content/batches/033-product-spotlights-1/024-ipad-air-m3-128gb-cellular.json,1934
ipad-air-m3-128gb-wifi,iPad Air M3 128GB WiFi,buying_guide,Is the iPad Air M3 128GB WiFi the Right Affordable Tablet for You in Kenya?,Buy iPad Air M3 128GB WiFi in Kenya at Best Price | Affordab,"Looking for the iPad Air M3 128GB WiFi at the best price in Kenya? Read our review covering design, battery, and value from Ksh 80,000. Available with warranty ",True,blog_content/batches/033-product-spotlights-1/025-ipad-air-m3-128gb-wifi.json,1942
ipad-air-m3-256gb-cellular,iPad Air M3 256GB Cellular,buying_guide,"iPad Air M3 256GB Cellular Review: Performance, Battery, and Value in Kenya",iPad Air M3 256GB Cellular Review & Best Price | Affordable ,"Thinking about buying the iPad Air M3 256GB Cellular in Kenya? We break down everything you need to know from Ksh 125,000 — from features and battery life to re",True,blog_content/batches/033-product-spotlights-1/026-ipad-air-m3-256gb-cellular.json,1913
ipad-pro-m4-11-inch-256gb-cellular,iPad Pro M4 11 inch 256GB Cellular,buying_guide,iPad Pro M4 11 inch 256GB Cellular: Best Price on This Apple Tablet in Kenya,iPad Pro M4 11 inch 256GB Cellular in Kenya: Affordable Revi,"Looking for the iPad Pro M4 11 inch 256GB Cellular at the best price in Kenya? Read our review covering design, battery, and value from Ksh 136,000. Available w",True,blog_content/batches/033-product-spotlights-1/027-ipad-pro-m4-11-inch-256gb-cellular.json,1964
ipad-pro-m4-11-inch-256gb-wifi,iPad Pro M4 11 inch 256GB WiFi,buying_guide,"iPad Pro M4 11 inch 256GB WiFi Review: Performance, Battery, and Value in Kenya",Buy iPad Pro M4 11 inch 256GB WiFi in Kenya at Best Price | ,"Looking for the iPad Pro M4 11 inch 256GB WiFi at the best price in Kenya? Read our review covering design, battery, and value from Ksh 128,000. Available with ",True,blog_content/batches/033-product-spotlights-1/028-ipad-pro-m4-11-inch-256gb-wifi.json,1946
ipad-pro-m4-13-inch-256gb-cellular,iPad Pro M4 13 inch 256GB Cellular,buying_guide,iPad Pro M4 13 inch 256GB Cellular Review: Affordable Apple Tablet in Kenya,iPad Pro M4 13 inch 256GB Cellular in Kenya: Affordable Revi,"Read our full review of the affordable iPad Pro M4 13 inch 256GB Cellular by Apple from Ksh 147,000. Discover key features, battery life, and best price in Keny",True,blog_content/batches/033-product-spotlights-1/029-ipad-pro-m4-13-inch-256gb-cellular.json,1973
ipad-pro-m5-11-inch-256gb-cellular,iPad Pro M5 11 inch 256GB Cellular,buying_guide,iPad Pro M5 11 inch 256GB Cellular: Best Price on This Apple Tablet in Kenya,iPad Pro M5 11 inch 256GB Cellular Review & Best Price | Aff,"Read our full review of the affordable iPad Pro M5 11 inch 256GB Cellular by Apple from Ksh 160,000. Discover key features, battery life, and best price in Keny",True,blog_content/batches/033-product-spotlights-1/030-ipad-pro-m5-11-inch-256gb-cellular.json,2002
ipad-pro-m5-13-inch-256gb-cellular,iPad Pro M5 13 inch 256GB Cellular,buying_guide,"iPad Pro M5 13 inch 256GB Cellular Review: Affordable Price, Great Value in Kenya",iPad Pro M5 13 inch 256GB Cellular: Affordable Review & Buyi,"Thinking about buying the iPad Pro M5 13 inch 256GB Cellular in Kenya? We break down everything you need to know from Ksh 165,000 — from features and battery li",True,blog_content/batches/033-product-spotlights-1/031-ipad-pro-m5-13-inch-256gb-cellular.json,2044
ipad-mini-7-128gb-wifi,iPad mini 7 128GB WiFi,buying_guide,iPad mini 7 128GB WiFi: Best Price on This Apple Tablet in Kenya,iPad mini 7 128GB WiFi in Kenya: Affordable Review & Specs |,"Read our full review of the affordable iPad mini 7 128GB WiFi by Apple from Ksh 65,500. Discover key features, battery life, and best price in Kenya. Warranty a",True,blog_content/batches/033-product-spotlights-1/032-ipad-mini-7-128gb-wifi.json,1973
iphone-12-pro-max,iPhone 12 Pro Max,buying_guide,Is the iPhone 12 Pro Max the Right Affordable Phone for You in Kenya?,iPhone 12 Pro Max Review: Best Price in Kenya | Affordable G,"Thinking about buying the iPhone 12 Pro Max in Kenya? We break down everything you need to know from Ksh 35,000 — from features and battery life to real-world p",True,blog_content/batches/033-product-spotlights-1/033-iphone-12-pro-max.json,1936
iphone-14-128gb-sim-dubai,iPhone 14 128GB SIM (Dubai),buying_guide,iPhone 14 128GB SIM (Dubai): Best Price on Apple's Latest Phone in Kenya,Buy iPhone 14 128GB SIM (Dubai) in Kenya at Best Price | Aff,"Looking for the iPhone 14 128GB SIM (Dubai) at the best price in Kenya? Read our review covering design, battery, and value from Ksh 78,000. Available with warr",True,blog_content/batches/033-product-spotlights-1/034-iphone-14-128gb-sim-dubai.json,1978
iphone-14-256gb-sim-dubai,iPhone 14 256GB SIM (Dubai),buying_guide,"iPhone 14 256GB SIM (Dubai) Review: Performance, Battery, and Value in Kenya",iPhone 14 256GB SIM (Dubai) in Kenya: Affordable Review & Sp,"Thinking about buying the iPhone 14 256GB SIM (Dubai) in Kenya? We break down everything you need to know from Ksh 83,500 — from features and battery life to re",True,blog_content/batches/033-product-spotlights-1/035-iphone-14-256gb-sim-dubai.json,2052
iphone-15-128gb-sim-dubai,iPhone 15 128GB SIM (Dubai),buying_guide,"iPhone 15 128GB SIM (Dubai) Review: Affordable Price, Solid Performance in Kenya",iPhone 15 128GB SIM (Dubai) in Kenya: Affordable Review & Sp,"Looking for the iPhone 15 128GB SIM (Dubai) at the best price in Kenya? Read our review covering design, battery, and value from Ksh 86,000. Available with warr",True,blog_content/batches/033-product-spotlights-1/036-iphone-15-128gb-sim-dubai.json,2045
iphone-15-256gb-sim-dubai,iPhone 15 256GB SIM (Dubai),buying_guide,"iPhone 15 256GB SIM (Dubai) Review: Performance, Battery, and Value in Kenya",iPhone 15 256GB SIM (Dubai) in Kenya: Affordable Review & Sp,"Thinking about buying the iPhone 15 256GB SIM (Dubai) in Kenya? We break down everything you need to know from Ksh 98,500 — from features and battery life to re",True,blog_content/batches/033-product-spotlights-1/037-iphone-15-256gb-sim-dubai.json,2118
iphone-15-plus-256gb-sim-dubai,iPhone 15 Plus 256GB SIM (Dubai),buying_guide,iPhone 15 Plus 256GB SIM (Dubai) Review: Affordable Apple Phone in Kenya,iPhone 15 Plus 256GB SIM (Dubai) Review & Best Price | Affor,"Read our full review of the affordable iPhone 15 Plus 256GB SIM (Dubai) by Apple from Ksh 112,000. Discover key features, battery life, and best price in Kenya.",True,blog_content/batches/033-product-spotlights-1/038-iphone-15-plus-256gb-sim-dubai.json,2026
iphone-15-pro-max-256gb-sim-dubai,iPhone 15 Pro Max 256GB SIM (Dubai),buying_guide,iPhone 15 Pro Max 256GB SIM (Dubai) Review: Affordable Apple Phone in Kenya,iPhone 15 Pro Max 256GB SIM (Dubai) Review: Best Price in Ke,"Looking for the iPhone 15 Pro Max 256GB SIM (Dubai) at the best price in Kenya? Read our review covering design, battery, and value from Ksh 142,000. Available ",True,blog_content/batches/033-product-spotlights-1/039-iphone-15-pro-max-256gb-sim-dubai.json,2016
iphone-16-128gb-e-sim-dubai,iPhone 16 128GB E-SIM (Dubai),buying_guide,"iPhone 16 128GB E-SIM (Dubai) Review: Affordable Price, Solid Performance in Kenya",iPhone 16 128GB E-SIM (Dubai) Review: Best Price in Kenya | ,"Thinking about buying the iPhone 16 128GB E-SIM (Dubai) in Kenya? We break down everything you need to know from Ksh 90,000 — from features and battery life to ",True,blog_content/batches/033-product-spotlights-1/040-iphone-16-128gb-e-sim-dubai.json,1948
iphone-16-128gb-sim-dubai,iPhone 16 128GB SIM (Dubai),buying_guide,iPhone 16 128GB SIM (Dubai) Review: Affordable Apple Phone in Kenya,iPhone 16 128GB SIM (Dubai) Review: Best Price in Kenya | Af,"Looking for the iPhone 16 128GB SIM (Dubai) at the best price in Kenya? Read our review covering design, battery, and value from Ksh 96,000. Available with warr",True,blog_content/batches/034-product-spotlights-2/041-iphone-16-128gb-sim-dubai.json,1958
iphone-16-128gb-sim-official,iPhone 16 128GB SIM (Official),buying_guide,"iPhone 16 128GB SIM (Official) Review: Performance, Battery, and Value in Kenya",iPhone 16 128GB SIM (Official) Review & Best Price | Afforda,"Looking for the iPhone 16 128GB SIM (Official) at the best price in Kenya? Read our review covering design, battery, and value from Ksh 100,000. Available with ",True,blog_content/batches/034-product-spotlights-2/042-iphone-16-128gb-sim-official.json,2004
iphone-16-256gb-sim-dubai,iPhone 16 256GB SIM (Dubai),buying_guide,Is the iPhone 16 256GB SIM (Dubai) the Right Affordable Phone for You in Kenya?,iPhone 16 256GB SIM (Dubai) Review & Best Price | Affordable,"Read our full review of the affordable iPhone 16 256GB SIM (Dubai) by Apple from Ksh 110,000. Discover key features, battery life, and best price in Kenya. Warr",True,blog_content/batches/034-product-spotlights-2/043-iphone-16-256gb-sim-dubai.json,1978
iphone-16-plus-128gb-sim-dubai,iPhone 16 Plus 128GB SIM (Dubai),buying_guide,iPhone 16 Plus 128GB SIM (Dubai) Review: Affordable Apple Phone in Kenya,iPhone 16 Plus 128GB SIM (Dubai) Review & Best Price | Affor,"Thinking about buying the iPhone 16 Plus 128GB SIM (Dubai) in Kenya? We break down everything you need to know from Ksh 116,000 — from features and battery life",True,blog_content/batches/034-product-spotlights-2/044-iphone-16-plus-128gb-sim-dubai.json,1979
iphone-16-plus-128gb-sim-official,iPhone 16 Plus 128GB SIM (Official),buying_guide,iPhone 16 Plus 128GB SIM (Official) Review: Affordable Apple Phone in Kenya,iPhone 16 Plus 128GB SIM (Official) in Kenya: Affordable Rev,"Read our full review of the affordable iPhone 16 Plus 128GB SIM (Official) by Apple from Ksh 115,000. Discover key features, battery life, and best price in Ken",True,blog_content/batches/034-product-spotlights-2/045-iphone-16-plus-128gb-sim-official.json,2115
iphone-16-plus-256gb-sim-dubai,iPhone 16 Plus 256GB SIM (Dubai),buying_guide,iPhone 16 Plus 256GB SIM (Dubai): Best Price on Apple's Latest Phone in Kenya,iPhone 16 Plus 256GB SIM (Dubai) Review: Best Price in Kenya,"Looking for the iPhone 16 Plus 256GB SIM (Dubai) at the best price in Kenya? Read our review covering design, battery, and value from Ksh 126,000. Available wit",True,blog_content/batches/034-product-spotlights-2/046-iphone-16-plus-256gb-sim-dubai.json,2008
iphone-16-pro-128gb-sim-dubai,iPhone 16 Pro 128GB SIM (Dubai),buying_guide,Is the iPhone 16 Pro 128GB SIM (Dubai) the Right Affordable Phone for You in Kenya?,iPhone 16 Pro 128GB SIM (Dubai): Affordable Review & Buying ,"Thinking about buying the iPhone 16 Pro 128GB SIM (Dubai) in Kenya? We break down everything you need to know from Ksh 137,000 — from features and battery life ",True,blog_content/batches/034-product-spotlights-2/047-iphone-16-pro-128gb-sim-dubai.json,1986
iphone-16-pro-256gb-e-sim-dubai,iPhone 16 Pro 256GB E-SIM (Dubai),buying_guide,"iPhone 16 Pro 256GB E-SIM (Dubai) Review: Performance, Battery, and Value in Kenya",iPhone 16 Pro 256GB E-SIM (Dubai) in Kenya: Affordable Revie,"Looking for the iPhone 16 Pro 256GB E-SIM (Dubai) at the best price in Kenya? Read our review covering design, battery, and value from Ksh 145,000. Available wi",True,blog_content/batches/034-product-spotlights-2/048-iphone-16-pro-256gb-e-sim-dubai.json,2040
iphone-16-pro-max-256gb-sim-black-dubai,iPhone 16 Pro Max 256GB SIM Black (Dubai),buying_guide,Is the iPhone 16 Pro Max 256GB SIM Black (Dubai) the Right Affordable Phone for You in Kenya?,iPhone 16 Pro Max 256GB SIM Black (Dubai) Review & Best Pric,"Looking for the iPhone 16 Pro Max 256GB SIM Black (Dubai) at the best price in Kenya? Read our review covering design, battery, and value from Ksh 166,000. Avai",True,blog_content/batches/034-product-spotlights-2/049-iphone-16-pro-max-256gb-sim-black-dubai.json,2067
iphone-16-pro-max-256gb-sim-desert-dubai,iPhone 16 Pro Max 256GB SIM Desert (Dubai),buying_guide,Is the iPhone 16 Pro Max 256GB SIM Desert (Dubai) the Right Affordable Phone for You in Kenya?,iPhone 16 Pro Max 256GB SIM Desert (Dubai) Review: Best Pric,"Looking for the iPhone 16 Pro Max 256GB SIM Desert (Dubai) at the best price in Kenya? Read our review covering design, battery, and value from Ksh 160,000. Ava",True,blog_content/batches/034-product-spotlights-2/050-iphone-16-pro-max-256gb-sim-desert-dubai.json,2101
iphone-16-pro-max-512gb-sim-dubai,iPhone 16 Pro Max 512GB SIM (Dubai),buying_guide,"iPhone 16 Pro Max 512GB SIM (Dubai) Review: Performance, Battery, and Value in Kenya",iPhone 16 Pro Max 512GB SIM (Dubai): Affordable Review & Buy,"Thinking about buying the iPhone 16 Pro Max 512GB SIM (Dubai) in Kenya? We break down everything you need to know from Ksh 186,000 — from features and battery l",True,blog_content/batches/034-product-spotlights-2/051-iphone-16-pro-max-512gb-sim-dubai.json,2071
iphone-16e-128gb-sim-dubai,iPhone 16E 128GB SIM (Dubai),buying_guide,"iPhone 16E 128GB SIM (Dubai) Review: Affordable Price, Solid Performance in Kenya",iPhone 16E 128GB SIM (Dubai) Review: Best Price in Kenya | A,"Read our full review of the affordable iPhone 16E 128GB SIM (Dubai) by Apple from Ksh 78,000. Discover key features, battery life, and best price in Kenya. Warr",True,blog_content/batches/034-product-spotlights-2/052-iphone-16e-128gb-sim-dubai.json,1937
iphone-16e-256gb-sim-dubai,iPhone 16E 256GB SIM (Dubai),buying_guide,"iPhone 16E 256GB SIM (Dubai) Review: Affordable Price, Solid Performance in Kenya",iPhone 16E 256GB SIM (Dubai) in Kenya: Affordable Review & S,"Looking for the iPhone 16E 256GB SIM (Dubai) at the best price in Kenya? Read our review covering design, battery, and value from Ksh 86,000. Available with war",True,blog_content/batches/034-product-spotlights-2/053-iphone-16e-256gb-sim-dubai.json,2008
iphone-17-256gb-e-sim-dubai,iPhone 17 256GB E-SIM (Dubai),buying_guide,"iPhone 17 256GB E-SIM (Dubai) Review: Affordable Price, Solid Performance in Kenya",Buy iPhone 17 256GB E-SIM (Dubai) in Kenya at Best Price | A,"Looking for the iPhone 17 256GB E-SIM (Dubai) at the best price in Kenya? Read our review covering design, battery, and value from Ksh 110,000. Available with w",True,blog_content/batches/034-product-spotlights-2/054-iphone-17-256gb-e-sim-dubai.json,2024
iphone-17-256gb-sim-dubai,iPhone 17 256GB SIM (Dubai),buying_guide,Is the iPhone 17 256GB SIM (Dubai) the Right Affordable Phone for You in Kenya?,iPhone 17 256GB SIM (Dubai) Review & Best Price | Affordable,"Looking for the iPhone 17 256GB SIM (Dubai) at the best price in Kenya? Read our review covering design, battery, and value from Ksh 116,500. Available with war",True,blog_content/batches/034-product-spotlights-2/055-iphone-17-256gb-sim-dubai.json,1946
iphone-17-256gb-sim-official,iPhone 17 256GB SIM (Official),buying_guide,iPhone 17 256GB SIM (Official) Review: Affordable Apple Phone in Kenya,iPhone 17 256GB SIM (Official) Review: Best Price in Kenya |,"Looking for the iPhone 17 256GB SIM (Official) at the best price in Kenya? Read our review covering design, battery, and value from Ksh 125,000. Available with ",True,blog_content/batches/034-product-spotlights-2/056-iphone-17-256gb-sim-official.json,1966
iphone-17-512gb-e-sim-dubai,iPhone 17 512GB E-SIM (Dubai),buying_guide,iPhone 17 512GB E-SIM (Dubai): Best Price on Apple's Latest Phone in Kenya,iPhone 17 512GB E-SIM (Dubai) Review & Best Price | Affordab,"Read our full review of the affordable iPhone 17 512GB E-SIM (Dubai) by Apple from Ksh 138,000. Discover key features, battery life, and best price in Kenya. Wa",True,blog_content/batches/034-product-spotlights-2/057-iphone-17-512gb-e-sim-dubai.json,2069
iphone-17-512gb-sim-dubai,iPhone 17 512GB SIM (Dubai),buying_guide,Is the iPhone 17 512GB SIM (Dubai) the Right Affordable Phone for You in Kenya?,iPhone 17 512GB SIM (Dubai) Review: Best Price in Kenya | Af,"Thinking about buying the iPhone 17 512GB SIM (Dubai) in Kenya? We break down everything you need to know from Ksh 148,000 — from features and battery life to r",True,blog_content/batches/034-product-spotlights-2/058-iphone-17-512gb-sim-dubai.json,2121
iphone-17-air-256gb-e-sim-dubai,iPhone 17 Air 256GB E-SIM (Dubai),buying_guide,Is the iPhone 17 Air 256GB E-SIM (Dubai) the Right Affordable Phone for You in Kenya?,iPhone 17 Air 256GB E-SIM (Dubai) Review & Best Price | Affo,"Read our full review of the affordable iPhone 17 Air 256GB E-SIM (Dubai) by Apple from Ksh 120,000. Discover key features, battery life, and best price in Kenya",True,blog_content/batches/034-product-spotlights-2/059-iphone-17-air-256gb-e-sim-dubai.json,2062
iphone-17-air-256gb-e-sim-whitegold-dubai,iPhone 17 Air 256GB E-SIM White/Gold (Dubai),buying_guide,"iPhone 17 Air 256GB E-SIM White/Gold (Dubai) Review: Performance, Battery, and Value in Kenya",iPhone 17 Air 256GB E-SIM White/Gold (Dubai) in Kenya: Affor,"Read our full review of the affordable iPhone 17 Air 256GB E-SIM White/Gold (Dubai) by Apple from Ksh 125,000. Discover key features, battery life, and best pri",True,blog_content/batches/034-product-spotlights-2/060-iphone-17-air-256gb-e-sim-whitegold-dubai.json,2121
iphone-17-pro-1tb-e-sim-dubai,iPhone 17 Pro 1TB E-SIM (Dubai),buying_guide,iPhone 17 Pro 1TB E-SIM (Dubai) Review: Affordable Apple Phone in Kenya,Buy iPhone 17 Pro 1TB E-SIM (Dubai) in Kenya at Best Price |,"Read our full review of the affordable iPhone 17 Pro 1TB E-SIM (Dubai) by Apple from Ksh 216,000. Discover key features, battery life, and best price in Kenya. ",True,blog_content/batches/034-product-spotlights-2/061-iphone-17-pro-1tb-e-sim-dubai.json,2065
iphone-17-pro-1tb-sim-dubai,iPhone 17 Pro 1TB SIM (Dubai),buying_guide,"iPhone 17 Pro 1TB SIM (Dubai) Review: Affordable Price, Solid Performance in Kenya",iPhone 17 Pro 1TB SIM (Dubai) Review: Best Price in Kenya | ,"Looking for the iPhone 17 Pro 1TB SIM (Dubai) at the best price in Kenya? Read our review covering design, battery, and value from Ksh 240,000. Available with w",True,blog_content/batches/034-product-spotlights-2/062-iphone-17-pro-1tb-sim-dubai.json,1970
iphone-17-pro-256gb-e-sim-dubai,iPhone 17 Pro 256GB E-SIM (Dubai),buying_guide,"iPhone 17 Pro 256GB E-SIM (Dubai) Review: Performance, Battery, and Value in Kenya",Buy iPhone 17 Pro 256GB E-SIM (Dubai) in Kenya at Best Price,"Read our full review of the affordable iPhone 17 Pro 256GB E-SIM (Dubai) by Apple from Ksh 166,000. Discover key features, battery life, and best price in Kenya",True,blog_content/batches/034-product-spotlights-2/063-iphone-17-pro-256gb-e-sim-dubai.json,2035
iphone-17-pro-256gb-sim-dubai,iPhone 17 Pro 256GB SIM (Dubai),buying_guide,"iPhone 17 Pro 256GB SIM (Dubai) Review: Affordable Price, Solid Performance in Kenya",iPhone 17 Pro 256GB SIM (Dubai) in Kenya: Affordable Review ,"Looking for the iPhone 17 Pro 256GB SIM (Dubai) at the best price in Kenya? Read our review covering design, battery, and value from Ksh 181,500. Available with",True,blog_content/batches/034-product-spotlights-2/064-iphone-17-pro-256gb-sim-dubai.json,2050
iphone-17-pro-256gb-sim-silver-dubai,iPhone 17 Pro 256GB SIM Silver (Dubai),buying_guide,"iPhone 17 Pro 256GB SIM Silver (Dubai) Review: Performance, Battery, and Value in Kenya",iPhone 17 Pro 256GB SIM Silver (Dubai) in Kenya: Affordable ,"Thinking about buying the iPhone 17 Pro 256GB SIM Silver (Dubai) in Kenya? We break down everything you need to know from Ksh 182,000 — from features and batter",True,blog_content/batches/034-product-spotlights-2/065-iphone-17-pro-256gb-sim-silver-dubai.json,2045
iphone-17-pro-512gb-e-sim-orangeblue-dubai,iPhone 17 Pro 512GB E-SIM Orange/Blue (Dubai),buying_guide,iPhone 17 Pro 512GB E-SIM Orange/Blue (Dubai) Review: Affordable Apple Phone in Kenya,iPhone 17 Pro 512GB E-SIM Orange/Blue (Dubai) in Kenya: Affo,"Read our full review of the affordable iPhone 17 Pro 512GB E-SIM Orange/Blue (Dubai) by Apple from Ksh 187,500. Discover key features, battery life, and best pr",True,blog_content/batches/034-product-spotlights-2/066-iphone-17-pro-512gb-e-sim-orangeblue-dubai.json,2065
iphone-17-pro-512gb-e-sim-silver-dubai,iPhone 17 Pro 512GB E-SIM Silver (Dubai),buying_guide,iPhone 17 Pro 512GB E-SIM Silver (Dubai): Best Price on Apple's Latest Phone in Kenya,Buy iPhone 17 Pro 512GB E-SIM Silver (Dubai) in Kenya at Bes,"Thinking about buying the iPhone 17 Pro 512GB E-SIM Silver (Dubai) in Kenya? We break down everything you need to know from Ksh 193,000 — from features and batt",True,blog_content/batches/034-product-spotlights-2/067-iphone-17-pro-512gb-e-sim-silver-dubai.json,2097
iphone-17-pro-512gb-sim-dubai,iPhone 17 Pro 512GB SIM (Dubai),buying_guide,iPhone 17 Pro 512GB SIM (Dubai): Best Price on Apple's Latest Phone in Kenya,iPhone 17 Pro 512GB SIM (Dubai): Affordable Review & Buying ,"Read our full review of the affordable iPhone 17 Pro 512GB SIM (Dubai) by Apple from Ksh 212,000. Discover key features, battery life, and best price in Kenya. ",True,blog_content/batches/034-product-spotlights-2/068-iphone-17-pro-512gb-sim-dubai.json,2017
iphone-17-pro-max-1tb-e-sim-dubai,iPhone 17 Pro Max 1TB E-SIM (Dubai),buying_guide,Is the iPhone 17 Pro Max 1TB E-SIM (Dubai) the Right Affordable Phone for You in Kenya?,Buy iPhone 17 Pro Max 1TB E-SIM (Dubai) in Kenya at Best Pri,"Read our full review of the affordable iPhone 17 Pro Max 1TB E-SIM (Dubai) by Apple from Ksh 228,500. Discover key features, battery life, and best price in Ken",True,blog_content/batches/034-product-spotlights-2/069-iphone-17-pro-max-1tb-e-sim-dubai.json,2152
iphone-17-pro-max-1tb-sim-dubai,iPhone 17 Pro Max 1TB SIM (Dubai),buying_guide,"iPhone 17 Pro Max 1TB SIM (Dubai) Review: Affordable Price, Solid Performance in Kenya",Buy iPhone 17 Pro Max 1TB SIM (Dubai) in Kenya at Best Price,"Looking for the iPhone 17 Pro Max 1TB SIM (Dubai) at the best price in Kenya? Read our review covering design, battery, and value from Ksh 270,000. Available wi",True,blog_content/batches/034-product-spotlights-2/070-iphone-17-pro-max-1tb-sim-dubai.json,2029
iphone-17-pro-max-256gb-e-sim-orangeblue-dubai,iPhone 17 Pro Max 256GB E-SIM Orange/Blue (Dubai),buying_guide,Is the iPhone 17 Pro Max 256GB E-SIM Orange/Blue (Dubai) the Right Affordable Phone for You in Kenya?,iPhone 17 Pro Max 256GB E-SIM Orange/Blue (Dubai): Affordabl,"Looking for the iPhone 17 Pro Max 256GB E-SIM Orange/Blue (Dubai) at the best price in Kenya? Read our review covering design, battery, and value from Ksh 179,5",True,blog_content/batches/034-product-spotlights-2/071-iphone-17-pro-max-256gb-e-sim-orangeblue-dubai.json,2143
iphone-17-pro-max-256gb-e-sim-silver-dubai,iPhone 17 Pro Max 256GB E-SIM Silver (Dubai),buying_guide,"iPhone 17 Pro Max 256GB E-SIM Silver (Dubai) Review: Performance, Battery, and Value in Kenya",iPhone 17 Pro Max 256GB E-SIM Silver (Dubai) Review & Best P,"Looking for the iPhone 17 Pro Max 256GB E-SIM Silver (Dubai) at the best price in Kenya? Read our review covering design, battery, and value from Ksh 182,000. A",True,blog_content/batches/034-product-spotlights-2/072-iphone-17-pro-max-256gb-e-sim-silver-dubai.json,2228
iphone-17-pro-max-256gb-sim-official,iPhone 17 Pro Max 256GB SIM (Official),buying_guide,iPhone 17 Pro Max 256GB SIM (Official) Review: Affordable Apple Phone in Kenya,iPhone 17 Pro Max 256GB SIM (Official) Review & Best Price |,"Read our full review of the affordable iPhone 17 Pro Max 256GB SIM (Official) by Apple from Ksh 198,000. Discover key features, battery life, and best price in ",True,blog_content/batches/034-product-spotlights-2/073-iphone-17-pro-max-256gb-sim-official.json,2037
iphone-17-pro-max-256gb-sim-blueorange-dubai,iPhone 17 Pro Max 256GB SIM Blue/Orange (Dubai),buying_guide,Is the iPhone 17 Pro Max 256GB SIM Blue/Orange (Dubai) the Right Affordable Phone for You in Kenya?,Buy iPhone 17 Pro Max 256GB SIM Blue/Orange (Dubai) in Kenya,"Thinking about buying the iPhone 17 Pro Max 256GB SIM Blue/Orange (Dubai) in Kenya? We break down everything you need to know from Ksh 195,000 — from features a",True,blog_content/batches/034-product-spotlights-2/074-iphone-17-pro-max-256gb-sim-blueorange-dubai.json,2091
iphone-17-pro-max-256gb-sim-silver-dubai,iPhone 17 Pro Max 256GB SIM Silver (Dubai),buying_guide,iPhone 17 Pro Max 256GB SIM Silver (Dubai): Best Price on Apple's Latest Phone in Kenya,iPhone 17 Pro Max 256GB SIM Silver (Dubai) Review & Best Pri,"Thinking about buying the iPhone 17 Pro Max 256GB SIM Silver (Dubai) in Kenya? We break down everything you need to know from Ksh 197,000 — from features and ba",True,blog_content/batches/034-product-spotlights-2/075-iphone-17-pro-max-256gb-sim-silver-dubai.json,2081
iphone-17-pro-max-512gb-e-sim-orangeblue-dubai,iPhone 17 Pro Max 512GB E-SIM Orange/Blue (Dubai),buying_guide,iPhone 17 Pro Max 512GB E-SIM Orange/Blue (Dubai) Review: Affordable Apple Phone in Kenya,iPhone 17 Pro Max 512GB E-SIM Orange/Blue (Dubai) in Kenya: ,"Read our full review of the affordable iPhone 17 Pro Max 512GB E-SIM Orange/Blue (Dubai) by Apple from Ksh 207,000. Discover key features, battery life, and bes",True,blog_content/batches/034-product-spotlights-2/076-iphone-17-pro-max-512gb-e-sim-orangeblue-dubai.json,2241
iphone-17-pro-max-512gb-e-sim-silver-dubai,iPhone 17 Pro Max 512GB E-SIM Silver (Dubai),buying_guide,iPhone 17 Pro Max 512GB E-SIM Silver (Dubai) Review: Affordable Apple Phone in Kenya,iPhone 17 Pro Max 512GB E-SIM Silver (Dubai): Affordable Rev,"Read our full review of the affordable iPhone 17 Pro Max 512GB E-SIM Silver (Dubai) by Apple from Ksh 216,000. Discover key features, battery life, and best pri",True,blog_content/batches/034-product-spotlights-2/077-iphone-17-pro-max-512gb-e-sim-silver-dubai.json,2155
iphone-17-pro-max-512gb-sim-dubai,iPhone 17 Pro Max 512GB SIM (Dubai),buying_guide,"iPhone 17 Pro Max 512GB SIM (Dubai) Review: Affordable Price, Solid Performance in Kenya",iPhone 17 Pro Max 512GB SIM (Dubai) in Kenya: Affordable Rev,"Looking for the iPhone 17 Pro Max 512GB SIM (Dubai) at the best price in Kenya? Read our review covering design, battery, and value from Ksh 228,000. Available ",True,blog_content/batches/034-product-spotlights-2/078-iphone-17-pro-max-512gb-sim-dubai.json,2126
iphone-17e-256gb-sim-official,iPhone 17E 256GB SIM (Official),buying_guide,"iPhone 17E 256GB SIM (Official) Review: Performance, Battery, and Value in Kenya",iPhone 17E 256GB SIM (Official) in Kenya: Affordable Review ,"Read our full review of the affordable iPhone 17E 256GB SIM (Official) by Apple from Ksh 95,500. Discover key features, battery life, and best price in Kenya. W",True,blog_content/batches/034-product-spotlights-2/079-iphone-17e-256gb-sim-official.json,2032
iphone-pocket,iPhone Pocket,buying_guide,"iPhone Pocket Review: Affordable Price, Great Value in Kenya",iPhone Pocket Review & Best Price | Affordable Gadgets KE,Thinking about buying the iPhone Pocket in Kenya? We break down everything you need to know — from features and battery life to real-world performance. Affordab,True,blog_content/batches/034-product-spotlights-2/080-iphone-pocket.json,1808
pixel-10-128gb-12gb-ram,Pixel 10 128GB 12GB RAM,buying_guide,"Pixel 10 128GB 12GB RAM Review: Performance, Battery, and Value in Kenya",Pixel 10 128GB 12GB RAM Review & Best Price | Affordable Gad,"Read our full review of the affordable Pixel 10 128GB 12GB RAM by Google from Ksh 85,000. Discover key features, battery life, and best price in Kenya. Warranty",True,blog_content/batches/035-product-spotlights-3/081-pixel-10-128gb-12gb-ram.json,1959
pixel-10-pro-256gb-12gb-ram,Pixel 10 Pro 256GB 12GB RAM,buying_guide,Is the Pixel 10 Pro 256GB 12GB RAM the Right Affordable Phone for You in Kenya?,Pixel 10 Pro 256GB 12GB RAM Review & Best Price | Affordable,"Looking for the Pixel 10 Pro 256GB 12GB RAM at the best price in Kenya? Read our review covering design, battery, and value from Ksh 120,500. Available with war",True,blog_content/batches/035-product-spotlights-3/082-pixel-10-pro-256gb-12gb-ram.json,2100
pixel-10-pro-xl-256gb-12gb-ram,Pixel 10 Pro XL 256GB 12GB RAM,buying_guide,"Pixel 10 Pro XL 256GB 12GB RAM Review: Affordable Price, Solid Performance in Kenya",Pixel 10 Pro XL 256GB 12GB RAM: Affordable Review & Buying G,"Looking for the Pixel 10 Pro XL 256GB 12GB RAM at the best price in Kenya? Read our review covering design, battery, and value from Ksh 133,000. Available with ",True,blog_content/batches/035-product-spotlights-3/083-pixel-10-pro-xl-256gb-12gb-ram.json,2013
pixel-10-pro-xl-512gb-12gb-ram,Pixel 10 Pro XL 512GB 12GB RAM,buying_guide,Is the Pixel 10 Pro XL 512GB 12GB RAM the Right Affordable Phone for You in Kenya?,Pixel 10 Pro XL 512GB 12GB RAM Review & Best Price | Afforda,"Read our full review of the affordable Pixel 10 Pro XL 512GB 12GB RAM by Google from Ksh 145,000. Discover key features, battery life, and best price in Kenya. ",True,blog_content/batches/035-product-spotlights-3/084-pixel-10-pro-xl-512gb-12gb-ram.json,2073
pixel-8-256gb-8gb-ram,Pixel 8 256GB 8GB RAM,buying_guide,Pixel 8 256GB 8GB RAM Review: Affordable Google Phone in Kenya,Pixel 8 256GB 8GB RAM Review: Best Price in Kenya | Affordab,"Thinking about buying the Pixel 8 256GB 8GB RAM in Kenya? We break down everything you need to know from Ksh 65,000 — from features and battery life to real-wor",True,blog_content/batches/035-product-spotlights-3/085-pixel-8-256gb-8gb-ram.json,1994
pixel-9-pro-xl-256gb-12gb-ram,Pixel 9 Pro XL 256GB 12GB RAM,buying_guide,Is the Pixel 9 Pro XL 256GB 12GB RAM the Right Affordable Phone for You in Kenya?,Pixel 9 Pro XL 256GB 12GB RAM Review & Best Price | Affordab,"Thinking about buying the Pixel 9 Pro XL 256GB 12GB RAM in Kenya? We break down everything you need to know from Ksh 101,500 — from features and battery life to",True,blog_content/batches/035-product-spotlights-3/086-pixel-9-pro-xl-256gb-12gb-ram.json,1961
honor-h400-512gb-12gb-ram,Honor H400 512GB 12GB RAM,buying_guide,Is the Honor H400 512GB 12GB RAM the Right Affordable Phone for You in Kenya?,Honor H400 512GB 12GB RAM in Kenya: Affordable Review & Spec,"Thinking about buying the Honor H400 512GB 12GB RAM in Kenya? We break down everything you need to know from Ksh 51,500 — from features and battery life to real",True,blog_content/batches/035-product-spotlights-3/087-honor-h400-512gb-12gb-ram.json,1985
honor-h400-pro-512gb-12gb-ram,Honor H400 Pro 512GB 12GB RAM,buying_guide,Is the Honor H400 Pro 512GB 12GB RAM the Right Affordable Phone for You in Kenya?,Buy Honor H400 Pro 512GB 12GB RAM in Kenya at Best Price | A,"Read our full review of the affordable Honor H400 Pro 512GB 12GB RAM by Honor from Ksh 78,000. Discover key features, battery life, and best price in Kenya. War",True,blog_content/batches/035-product-spotlights-3/088-honor-h400-pro-512gb-12gb-ram.json,2002
honor-x6c-256gb-6gb-ram,Honor X6C 256GB 6GB RAM,buying_guide,"Honor X6C 256GB 6GB RAM Review: Affordable Price, Solid Performance in Kenya",Honor X6C 256GB 6GB RAM Review: Best Price in Kenya | Afford,"Thinking about buying the Honor X6C 256GB 6GB RAM in Kenya? We break down everything you need to know from Ksh 18,500 — from features and battery life to real-w",True,blog_content/batches/035-product-spotlights-3/089-honor-x6c-256gb-6gb-ram.json,1922
honor-x9d-256gb-8gb-ram,Honor X9D 256GB 8GB RAM,buying_guide,Is the Honor X9D 256GB 8GB RAM the Right Affordable Phone for You in Kenya?,Honor X9D 256GB 8GB RAM: Affordable Review & Buying Guide Ke,"Looking for the Honor X9D 256GB 8GB RAM at the best price in Kenya? Read our review covering design, battery, and value from Ksh 45,500. Available with warranty",True,blog_content/batches/035-product-spotlights-3/090-honor-x9d-256gb-8gb-ram.json,1984
nothing-phone-3-256gb-12gb-ram,Nothing Phone 3 256GB 12GB RAM,buying_guide,"Nothing Phone 3 256GB 12GB RAM Review: Affordable Price, Solid Performance in Kenya",Nothing Phone 3 256GB 12GB RAM: Affordable Review & Buying G,"Looking for the Nothing Phone 3 256GB 12GB RAM at the best price in Kenya? Read our review covering design, battery, and value from Ksh 85,000. Available with w",True,blog_content/batches/035-product-spotlights-3/091-nothing-phone-3-256gb-12gb-ram.json,2010
nothing-phone-3a-256gb-8gb-ram,Nothing Phone 3A 256GB 8GB RAM,buying_guide,"Nothing Phone 3A 256GB 8GB RAM Review: Performance, Battery, and Value in Kenya",Nothing Phone 3A 256GB 8GB RAM Review & Best Price | Afforda,"Looking for the Nothing Phone 3A 256GB 8GB RAM at the best price in Kenya? Read our review covering design, battery, and value from Ksh 50,000. Available with w",True,blog_content/batches/035-product-spotlights-3/092-nothing-phone-3a-256gb-8gb-ram.json,2004
nothing-phone-3a-pro-256gb-12gb-ram,Nothing Phone 3A Pro 256GB 12GB RAM,buying_guide,Is the Nothing Phone 3A Pro 256GB 12GB RAM the Right Affordable Phone for You in Kenya?,Nothing Phone 3A Pro 256GB 12GB RAM in Kenya: Affordable Rev,"Thinking about buying the Nothing Phone 3A Pro 256GB 12GB RAM in Kenya? We break down everything you need to know from Ksh 68,000 — from features and battery li",True,blog_content/batches/035-product-spotlights-3/093-nothing-phone-3a-pro-256gb-12gb-ram.json,2108
oneplus-13-256gb-12gb-ram,OnePlus 13 256GB 12GB RAM,buying_guide,Is the OnePlus 13 256GB 12GB RAM the Right Affordable Phone for You in Kenya?,OnePlus 13 256GB 12GB RAM: Affordable Review & Buying Guide ,"Thinking about buying the OnePlus 13 256GB 12GB RAM in Kenya? We break down everything you need to know from Ksh 92,000 — from features and battery life to real",True,blog_content/batches/035-product-spotlights-3/094-oneplus-13-256gb-12gb-ram.json,2068
oneplus-13-512gb-16gb-ram,OnePlus 13 512GB 16GB RAM,buying_guide,OnePlus 13 512GB 16GB RAM: Best Price on OnePlus's Latest Phone in Kenya,OnePlus 13 512GB 16GB RAM Review: Best Price in Kenya | Affo,"Thinking about buying the OnePlus 13 512GB 16GB RAM in Kenya? We break down everything you need to know from Ksh 95,000 — from features and battery life to real",True,blog_content/batches/035-product-spotlights-3/095-oneplus-13-512gb-16gb-ram.json,2074
oneplus-13s-256gb-12gb-ram,OnePlus 13s 256GB 12GB RAM,buying_guide,Is the OnePlus 13s 256GB 12GB RAM the Right Affordable Phone for You in Kenya?,OnePlus 13s 256GB 12GB RAM: Affordable Review & Buying Guide,"Looking for the OnePlus 13s 256GB 12GB RAM at the best price in Kenya? Read our review covering design, battery, and value from Ksh 71,500. Available with warra",True,blog_content/batches/035-product-spotlights-3/096-oneplus-13s-256gb-12gb-ram.json,1959
oneplus-15-512gb-12gb-ram,OnePlus 15 512GB 12GB RAM,buying_guide,OnePlus 15 512GB 12GB RAM Review: Affordable OnePlus Phone in Kenya,Buy OnePlus 15 512GB 12GB RAM in Kenya at Best Price | Affor,"Read our full review of the affordable OnePlus 15 512GB 12GB RAM by OnePlus from Ksh 113,500. Discover key features, battery life, and best price in Kenya. Warr",True,blog_content/batches/035-product-spotlights-3/097-oneplus-15-512gb-12gb-ram.json,2032
oneplus-nord-ce-5-256gb-8gb-ram,OnePlus Nord CE 5 256GB 8GB RAM,buying_guide,"OnePlus Nord CE 5 256GB 8GB RAM Review: Performance, Battery, and Value in Kenya",OnePlus Nord CE 5 256GB 8GB RAM Review & Best Price | Afford,"Thinking about buying the OnePlus Nord CE 5 256GB 8GB RAM in Kenya? We break down everything you need to know from Ksh 43,000 — from features and battery life t",True,blog_content/batches/035-product-spotlights-3/098-oneplus-nord-ce-5-256gb-8gb-ram.json,2037
samsung-galaxy-a16-128gb-4gb-ram,Samsung Galaxy A16 128GB 4GB RAM,buying_guide,Is the Samsung Galaxy A16 128GB 4GB RAM the Right Affordable Phone for You in Kenya?,Buy Samsung Galaxy A16 128GB 4GB RAM in Kenya at Best Price ,"Thinking about buying the Samsung Galaxy A16 128GB 4GB RAM in Kenya? We break down everything you need to know from Ksh 18,000 — from features and battery life ",True,blog_content/batches/035-product-spotlights-3/099-samsung-galaxy-a16-128gb-4gb-ram.json,2039
samsung-galaxy-a16-256gb-8gb-ram,Samsung Galaxy A16 256GB 8GB RAM,buying_guide,Samsung Galaxy A16 256GB 8GB RAM: Best Price on Samsung's Latest Phone in Kenya,Samsung Galaxy A16 256GB 8GB RAM in Kenya: Affordable Review,"Read our full review of the affordable Samsung Galaxy A16 256GB 8GB RAM by Samsung from Ksh 24,500. Discover key features, battery life, and best price in Kenya",True,blog_content/batches/035-product-spotlights-3/100-samsung-galaxy-a16-256gb-8gb-ram.json,2084
samsung-galaxy-a26-128gb-6gb-ram,Samsung Galaxy A26 128GB 6GB RAM,buying_guide,"Samsung Galaxy A26 128GB 6GB RAM Review: Performance, Battery, and Value in Kenya",Samsung Galaxy A26 128GB 6GB RAM: Affordable Review & Buying,"Thinking about buying the Samsung Galaxy A26 128GB 6GB RAM in Kenya? We break down everything you need to know from Ksh 27,500 — from features and battery life ",True,blog_content/batches/035-product-spotlights-3/101-samsung-galaxy-a26-128gb-6gb-ram.json,2040
samsung-galaxy-a26-256gb-8gb-ram,Samsung Galaxy A26 256GB 8GB RAM,buying_guide,"Samsung Galaxy A26 256GB 8GB RAM Review: Affordable Price, Solid Performance in Kenya",Samsung Galaxy A26 256GB 8GB RAM Review: Best Price in Kenya,"Thinking about buying the Samsung Galaxy A26 256GB 8GB RAM in Kenya? We break down everything you need to know from Ksh 31,500 — from features and battery life ",True,blog_content/batches/035-product-spotlights-3/102-samsung-galaxy-a26-256gb-8gb-ram.json,2032
samsung-galaxy-a36-256gb-12gb-ram,Samsung Galaxy A36 256GB 12GB RAM,buying_guide,"Samsung Galaxy A36 256GB 12GB RAM Review: Performance, Battery, and Value in Kenya",Samsung Galaxy A36 256GB 12GB RAM Review: Best Price in Keny,"Looking for the Samsung Galaxy A36 256GB 12GB RAM at the best price in Kenya? Read our review covering design, battery, and value from Ksh 40,500. Available wit",True,blog_content/batches/035-product-spotlights-3/103-samsung-galaxy-a36-256gb-12gb-ram.json,2135
samsung-galaxy-a36-256gb-8gb-ram,Samsung Galaxy A36 256GB 8GB RAM,buying_guide,"Samsung Galaxy A36 256GB 8GB RAM Review: Performance, Battery, and Value in Kenya",Samsung Galaxy A36 256GB 8GB RAM in Kenya: Affordable Review,"Looking for the Samsung Galaxy A36 256GB 8GB RAM at the best price in Kenya? Read our review covering design, battery, and value from Ksh 38,500. Available with",True,blog_content/batches/035-product-spotlights-3/104-samsung-galaxy-a36-256gb-8gb-ram.json,2086
samsung-galaxy-a37-256gb-8gb-ram,Samsung Galaxy A37 256GB 8GB RAM,buying_guide,"Samsung Galaxy A37 256GB 8GB RAM Review: Affordable Price, Solid Performance in Kenya",Samsung Galaxy A37 256GB 8GB RAM: Affordable Review & Buying,"Thinking about buying the Samsung Galaxy A37 256GB 8GB RAM in Kenya? We break down everything you need to know from Ksh 51,500 — from features and battery life ",True,blog_content/batches/035-product-spotlights-3/105-samsung-galaxy-a37-256gb-8gb-ram.json,2075
samsung-galaxy-a56-256gb-12gb-ram,Samsung Galaxy A56 256GB 12GB RAM,buying_guide,Samsung Galaxy A56 256GB 12GB RAM Review: Affordable Samsung Phone in Kenya,Samsung Galaxy A56 256GB 12GB RAM Review: Best Price in Keny,"Read our full review of the affordable Samsung Galaxy A56 256GB 12GB RAM by Samsung from Ksh 51,500. Discover key features, battery life, and best price in Keny",True,blog_content/batches/035-product-spotlights-3/106-samsung-galaxy-a56-256gb-12gb-ram.json,2071
samsung-galaxy-a56-256gb-8gb-ram,Samsung Galaxy A56 256GB 8GB RAM,buying_guide,"Samsung Galaxy A56 256GB 8GB RAM Review: Performance, Battery, and Value in Kenya",Samsung Galaxy A56 256GB 8GB RAM: Affordable Review & Buying,"Read our full review of the affordable Samsung Galaxy A56 256GB 8GB RAM by Samsung from Ksh 47,500. Discover key features, battery life, and best price in Kenya",True,blog_content/batches/035-product-spotlights-3/107-samsung-galaxy-a56-256gb-8gb-ram.json,2032
samsung-galaxy-a57-256gb-12gb-ram,Samsung Galaxy A57 256GB 12GB RAM,buying_guide,Samsung Galaxy A57 256GB 12GB RAM: Best Price on Samsung's Latest Phone in Kenya,Samsung Galaxy A57 256GB 12GB RAM Review: Best Price in Keny,"Read our full review of the affordable Samsung Galaxy A57 256GB 12GB RAM by Samsung from Ksh 61,500. Discover key features, battery life, and best price in Keny",True,blog_content/batches/035-product-spotlights-3/108-samsung-galaxy-a57-256gb-12gb-ram.json,2000
samsung-galaxy-a57-256gb-8gb-ram,Samsung Galaxy A57 256GB 8GB RAM,buying_guide,Samsung Galaxy A57 256GB 8GB RAM Review: Affordable Samsung Phone in Kenya,Samsung Galaxy A57 256GB 8GB RAM: Affordable Review & Buying,"Looking for the Samsung Galaxy A57 256GB 8GB RAM at the best price in Kenya? Read our review covering design, battery, and value from Ksh 58,000. Available with",True,blog_content/batches/035-product-spotlights-3/109-samsung-galaxy-a57-256gb-8gb-ram.json,2026
samsung-galaxy-buds-3-fe,Samsung Galaxy Buds 3 FE,buying_guide,Samsung Galaxy Buds 3 FE: Best Price on This Samsung Accessory in Kenya,Samsung Galaxy Buds 3 FE: Affordable Review & Buying Guide K,"Thinking about buying the Samsung Galaxy Buds 3 FE in Kenya? We break down everything you need to know from Ksh 16,000 — from features and battery life to real-",True,blog_content/batches/035-product-spotlights-3/110-samsung-galaxy-buds-3-fe.json,1947
samsung-galaxy-buds-3-pro,Samsung Galaxy Buds 3 Pro,buying_guide,Is the Samsung Galaxy Buds 3 Pro the Right Affordable Accessory for You in Kenya?,Buy Samsung Galaxy Buds 3 Pro in Kenya at Best Price | Affor,"Thinking about buying the Samsung Galaxy Buds 3 Pro in Kenya? We break down everything you need to know from Ksh 19,500 — from features and battery life to real",True,blog_content/batches/035-product-spotlights-3/111-samsung-galaxy-buds-3-pro.json,2028
samsung-galaxy-buds-4,Samsung Galaxy Buds 4,buying_guide,Samsung Galaxy Buds 4 Review: Affordable Samsung Accessory in Kenya,Samsung Galaxy Buds 4: Affordable Review & Buying Guide Keny,"Looking for the Samsung Galaxy Buds 4 at the best price in Kenya? Read our review covering design, battery, and value from Ksh 22,000. Available with warranty a",True,blog_content/batches/035-product-spotlights-3/112-samsung-galaxy-buds-4.json,1959
samsung-galaxy-buds-4-pro,Samsung Galaxy Buds 4 Pro,buying_guide,"Samsung Galaxy Buds 4 Pro Review: Affordable Price, Great Value in Kenya",Samsung Galaxy Buds 4 Pro Review & Best Price | Affordable G,"Looking for the Samsung Galaxy Buds 4 Pro at the best price in Kenya? Read our review covering design, battery, and value from Ksh 30,500. Available with warran",True,blog_content/batches/035-product-spotlights-3/113-samsung-galaxy-buds-4-pro.json,1946
samsung-galaxy-s24-256gb-8gb-ram,Samsung Galaxy S24 256GB 8GB RAM,buying_guide,"Samsung Galaxy S24 256GB 8GB RAM Review: Performance, Battery, and Value in Kenya",Buy Samsung Galaxy S24 256GB 8GB RAM in Kenya at Best Price ,"Read our full review of the affordable Samsung Galaxy S24 256GB 8GB RAM by Samsung from Ksh 73,500. Discover key features, battery life, and best price in Kenya",True,blog_content/batches/035-product-spotlights-3/114-samsung-galaxy-s24-256gb-8gb-ram.json,2091
samsung-galaxy-s25-128gb-12gb-ram,Samsung Galaxy S25 128GB 12GB RAM,buying_guide,Is the Samsung Galaxy S25 128GB 12GB RAM the Right Affordable Phone for You in Kenya?,Samsung Galaxy S25 128GB 12GB RAM in Kenya: Affordable Revie,"Thinking about buying the Samsung Galaxy S25 128GB 12GB RAM in Kenya? We break down everything you need to know from Ksh 80,500 — from features and battery life",True,blog_content/batches/035-product-spotlights-3/115-samsung-galaxy-s25-128gb-12gb-ram.json,2073
samsung-galaxy-s25-256gb-12gb-ram,Samsung Galaxy S25 256GB 12GB RAM,buying_guide,Samsung Galaxy S25 256GB 12GB RAM: Best Price on Samsung's Latest Phone in Kenya,Samsung Galaxy S25 256GB 12GB RAM Review & Best Price | Affo,"Thinking about buying the Samsung Galaxy S25 256GB 12GB RAM in Kenya? We break down everything you need to know from Ksh 85,500 — from features and battery life",True,blog_content/batches/035-product-spotlights-3/116-samsung-galaxy-s25-256gb-12gb-ram.json,2062
samsung-galaxy-s25-edge-256gb-12gb-ram,Samsung Galaxy S25 Edge 256GB 12GB RAM,buying_guide,Is the Samsung Galaxy S25 Edge 256GB 12GB RAM the Right Affordable Phone for You in Kenya?,Samsung Galaxy S25 Edge 256GB 12GB RAM in Kenya: Affordable ,"Looking for the Samsung Galaxy S25 Edge 256GB 12GB RAM at the best price in Kenya? Read our review covering design, battery, and value from Ksh 85,000. Availabl",True,blog_content/batches/035-product-spotlights-3/117-samsung-galaxy-s25-edge-256gb-12gb-ram.json,2066
samsung-galaxy-s25-fe-128gb-8gb-ram,Samsung Galaxy S25 FE 128GB 8GB RAM,buying_guide,"Samsung Galaxy S25 FE 128GB 8GB RAM Review: Performance, Battery, and Value in Kenya",Samsung Galaxy S25 FE 128GB 8GB RAM Review & Best Price | Af,"Thinking about buying the Samsung Galaxy S25 FE 128GB 8GB RAM in Kenya? We break down everything you need to know from Ksh 65,000 — from features and battery li",True,blog_content/batches/035-product-spotlights-3/118-samsung-galaxy-s25-fe-128gb-8gb-ram.json,2169
samsung-galaxy-s25-fe-256gb-8gb-ram,Samsung Galaxy S25 FE 256GB 8GB RAM,buying_guide,"Samsung Galaxy S25 FE 256GB 8GB RAM Review: Affordable Price, Solid Performance in Kenya",Samsung Galaxy S25 FE 256GB 8GB RAM Review & Best Price | Af,"Looking for the Samsung Galaxy S25 FE 256GB 8GB RAM at the best price in Kenya? Read our review covering design, battery, and value from Ksh 71,500. Available w",True,blog_content/batches/035-product-spotlights-3/119-samsung-galaxy-s25-fe-256gb-8gb-ram.json,2102
samsung-galaxy-s25-ultra-256gb-12gb-ram,Samsung Galaxy S25 Ultra 256GB 12GB RAM,buying_guide,Samsung Galaxy S25 Ultra 256GB 12GB RAM: Best Price on Samsung's Latest Phone in Kenya,Samsung Galaxy S25 Ultra 256GB 12GB RAM Review & Best Price ,"Looking for the Samsung Galaxy S25 Ultra 256GB 12GB RAM at the best price in Kenya? Read our review covering design, battery, and value from Ksh 120,000. Availa",True,blog_content/batches/035-product-spotlights-3/120-samsung-galaxy-s25-ultra-256gb-12gb-ram.json,2168
samsung-galaxy-s25-ultra-512gb-12gb-ram,Samsung Galaxy S25 Ultra 512GB 12GB RAM,buying_guide,"Samsung Galaxy S25 Ultra 512GB 12GB RAM Review: Performance, Battery, and Value in Kenya",Samsung Galaxy S25 Ultra 512GB 12GB RAM Review: Best Price i,"Read our full review of the affordable Samsung Galaxy S25 Ultra 512GB 12GB RAM by Samsung from Ksh 135,000. Discover key features, battery life, and best price ",True,blog_content/batches/036-product-spotlights-4/121-samsung-galaxy-s25-ultra-512gb-12gb-ram.json,2164
samsung-galaxy-s26-256gb-12gb-ram,Samsung Galaxy S26 256GB 12GB RAM,buying_guide,"Samsung Galaxy S26 256GB 12GB RAM Review: Performance, Battery, and Value in Kenya",Samsung Galaxy S26 256GB 12GB RAM Review & Best Price | Affo,"Read our full review of the affordable Samsung Galaxy S26 256GB 12GB RAM by Samsung from Ksh 108,000. Discover key features, battery life, and best price in Ken",True,blog_content/batches/036-product-spotlights-4/122-samsung-galaxy-s26-256gb-12gb-ram.json,2096
samsung-galaxy-s26-ultra-256gb-12gb-ram,Samsung Galaxy S26 Ultra 256GB 12GB RAM,buying_guide,"Samsung Galaxy S26 Ultra 256GB 12GB RAM Review: Performance, Battery, and Value in Kenya",Samsung Galaxy S26 Ultra 256GB 12GB RAM: Affordable Review &,"Read our full review of the affordable Samsung Galaxy S26 Ultra 256GB 12GB RAM by Samsung from Ksh 142,000. Discover key features, battery life, and best price ",True,blog_content/batches/036-product-spotlights-4/123-samsung-galaxy-s26-ultra-256gb-12gb-ram.json,2159
samsung-galaxy-s26-ultra-512gb-12gb-ram,Samsung Galaxy S26 Ultra 512GB 12GB RAM,buying_guide,"Samsung Galaxy S26 Ultra 512GB 12GB RAM Review: Performance, Battery, and Value in Kenya",Samsung Galaxy S26 Ultra 512GB 12GB RAM: Affordable Review &,"Looking for the Samsung Galaxy S26 Ultra 512GB 12GB RAM at the best price in Kenya? Read our review covering design, battery, and value from Ksh 153,500. Availa",True,blog_content/batches/036-product-spotlights-4/124-samsung-galaxy-s26-ultra-512gb-12gb-ram.json,2139
samsung-galaxy-tab-a11-128gb-8gb-ram-cellular,Samsung Galaxy Tab A11 128GB 8GB RAM Cellular,buying_guide,"Samsung Galaxy Tab A11 128GB 8GB RAM Cellular Review: Performance, Battery, and Value in Kenya",Buy Samsung Galaxy Tab A11 128GB 8GB RAM Cellular in Kenya a,"Looking for the Samsung Galaxy Tab A11 128GB 8GB RAM Cellular at the best price in Kenya? Read our review covering design, battery, and value from Ksh 26,000. A",True,blog_content/batches/036-product-spotlights-4/125-samsung-galaxy-tab-a11-128gb-8gb-ram-cellular.json,2057
samsung-galaxy-tab-a11-plus-128gb-6gb-ram-cellular,Samsung Galaxy Tab A11 Plus 128GB 6GB RAM Cellular,buying_guide,Samsung Galaxy Tab A11 Plus 128GB 6GB RAM Cellular: Best Price on This Samsung Tablet in Kenya,Samsung Galaxy Tab A11 Plus 128GB 6GB RAM Cellular Review: B,"Looking for the Samsung Galaxy Tab A11 Plus 128GB 6GB RAM Cellular at the best price in Kenya? Read our review covering design, battery, and value from Ksh 35,0",True,blog_content/batches/036-product-spotlights-4/126-samsung-galaxy-tab-a11-plus-128gb-6gb-ram-cellular.json,2161
samsung-galaxy-tab-s10-lite-256gb-8gb-ram-cellular,Samsung Galaxy Tab S10 Lite 256GB 8GB RAM Cellular,buying_guide,Is the Samsung Galaxy Tab S10 Lite 256GB 8GB RAM Cellular the Right Affordable Tablet for You in Kenya?,Samsung Galaxy Tab S10 Lite 256GB 8GB RAM Cellular Review: B,"Looking for the Samsung Galaxy Tab S10 Lite 256GB 8GB RAM Cellular at the best price in Kenya? Read our review covering design, battery, and value from Ksh 63,0",True,blog_content/batches/036-product-spotlights-4/127-samsung-galaxy-tab-s10-lite-256gb-8gb-ram-cellular.json,2084
samsung-galaxy-tab-s10-ultra-256gb-12gb-ram-cellular,Samsung Galaxy Tab S10 Ultra 256GB 12GB RAM Cellular,buying_guide,"Samsung Galaxy Tab S10 Ultra 256GB 12GB RAM Cellular Review: Performance, Battery, and Value in Kenya",Buy Samsung Galaxy Tab S10 Ultra 256GB 12GB RAM Cellular in ,"Read our full review of the affordable Samsung Galaxy Tab S10 Ultra 256GB 12GB RAM Cellular by Samsung from Ksh 135,000. Discover key features, battery life, an",True,blog_content/batches/036-product-spotlights-4/128-samsung-galaxy-tab-s10-ultra-256gb-12gb-ram-cellular.json,2145
samsung-galaxy-tab-s10-ultra-256gb-12gb-ram-wifi,Samsung Galaxy Tab S10 Ultra 256GB 12GB RAM WiFi,buying_guide,"Samsung Galaxy Tab S10 Ultra 256GB 12GB RAM WiFi Review: Affordable Price, Great Value in Kenya",Buy Samsung Galaxy Tab S10 Ultra 256GB 12GB RAM WiFi in Keny,"Read our full review of the affordable Samsung Galaxy Tab S10 Ultra 256GB 12GB RAM WiFi by Samsung from Ksh 118,000. Discover key features, battery life, and be",True,blog_content/batches/036-product-spotlights-4/129-samsung-galaxy-tab-s10-ultra-256gb-12gb-ram-wifi.json,2052
samsung-galaxy-tab-s11-ultra-256gb-12gb-ram-cellular,Samsung Galaxy Tab S11 Ultra 256GB 12GB RAM Cellular,buying_guide,Is the Samsung Galaxy Tab S11 Ultra 256GB 12GB RAM Cellular the Right Affordable Tablet for You in Kenya?,Samsung Galaxy Tab S11 Ultra 256GB 12GB RAM Cellular Review ,"Looking for the Samsung Galaxy Tab S11 Ultra 256GB 12GB RAM Cellular at the best price in Kenya? Read our review covering design, battery, and value from Ksh 15",True,blog_content/batches/036-product-spotlights-4/130-samsung-galaxy-tab-s11-ultra-256gb-12gb-ram-cellular.json,2113
samsung-galaxy-tab-s11-ultra-256gb-12gb-ram-wifi,Samsung Galaxy Tab S11 Ultra 256GB 12GB RAM WiFi,buying_guide,Is the Samsung Galaxy Tab S11 Ultra 256GB 12GB RAM WiFi the Right Affordable Tablet for You in Kenya?,Samsung Galaxy Tab S11 Ultra 256GB 12GB RAM WiFi in Kenya: A,"Looking for the Samsung Galaxy Tab S11 Ultra 256GB 12GB RAM WiFi at the best price in Kenya? Read our review covering design, battery, and value from Ksh 127,00",True,blog_content/batches/036-product-spotlights-4/131-samsung-galaxy-tab-s11-ultra-256gb-12gb-ram-wifi.json,2126
samsung-galaxy-tab-s9-256gb-12gb-ram-cellular,Samsung Galaxy Tab S9 256GB 12GB RAM Cellular,buying_guide,Samsung Galaxy Tab S9 256GB 12GB RAM Cellular Review: Affordable Samsung Tablet in Kenya,Samsung Galaxy Tab S9 256GB 12GB RAM Cellular Review: Best P,"Looking for the Samsung Galaxy Tab S9 256GB 12GB RAM Cellular at the best price in Kenya? Read our review covering design, battery, and value from Ksh 86,000. A",True,blog_content/batches/036-product-spotlights-4/132-samsung-galaxy-tab-s9-256gb-12gb-ram-cellular.json,2078
samsung-galaxy-watch-6-classic-43mm,Samsung Galaxy Watch 6 Classic 43mm,buying_guide,"Samsung Galaxy Watch 6 Classic 43mm Review: Affordable Price, Great Value in Kenya",Samsung Galaxy Watch 6 Classic 43mm Review: Best Price in Ke,"Thinking about buying the Samsung Galaxy Watch 6 Classic 43mm in Kenya? We break down everything you need to know from Ksh 23,500 — from features and battery li",True,blog_content/batches/036-product-spotlights-4/133-samsung-galaxy-watch-6-classic-43mm.json,1985
samsung-galaxy-watch-6-classic-47mm,Samsung Galaxy Watch 6 Classic 47mm,buying_guide,Is the Samsung Galaxy Watch 6 Classic 47mm the Right Affordable Accessory for You in Kenya?,Buy Samsung Galaxy Watch 6 Classic 47mm in Kenya at Best Pri,"Looking for the Samsung Galaxy Watch 6 Classic 47mm at the best price in Kenya? Read our review covering design, battery, and value from Ksh 24,500. Available w",True,blog_content/batches/036-product-spotlights-4/134-samsung-galaxy-watch-6-classic-47mm.json,2013
samsung-galaxy-watch-7-40mm,Samsung Galaxy Watch 7 40mm,buying_guide,Samsung Galaxy Watch 7 40mm Review: Affordable Samsung Accessory in Kenya,Samsung Galaxy Watch 7 40mm Review & Best Price | Affordable,"Read our full review of the affordable Samsung Galaxy Watch 7 40mm by Samsung from Ksh 24,500. Discover key features, battery life, and best price in Kenya. War",True,blog_content/batches/036-product-spotlights-4/135-samsung-galaxy-watch-7-40mm.json,1963
samsung-galaxy-watch-7-44mm,Samsung Galaxy Watch 7 44mm,buying_guide,"Samsung Galaxy Watch 7 44mm Review: Performance, Battery, and Value in Kenya",Buy Samsung Galaxy Watch 7 44mm in Kenya at Best Price | Aff,"Read our full review of the affordable Samsung Galaxy Watch 7 44mm by Samsung from Ksh 25,000. Discover key features, battery life, and best price in Kenya. War",True,blog_content/batches/036-product-spotlights-4/136-samsung-galaxy-watch-7-44mm.json,1978
samsung-galaxy-watch-8-40mm,Samsung Galaxy Watch 8 40mm,buying_guide,Is the Samsung Galaxy Watch 8 40mm the Right Affordable Accessory for You in Kenya?,Samsung Galaxy Watch 8 40mm Review & Best Price | Affordable,"Looking for the Samsung Galaxy Watch 8 40mm at the best price in Kenya? Read our review covering design, battery, and value from Ksh 29,000. Available with warr",True,blog_content/batches/036-product-spotlights-4/137-samsung-galaxy-watch-8-40mm.json,1984
samsung-galaxy-watch-8-44mm,Samsung Galaxy Watch 8 44mm,buying_guide,"Samsung Galaxy Watch 8 44mm Review: Performance, Battery, and Value in Kenya",Samsung Galaxy Watch 8 44mm in Kenya: Affordable Review & Sp,"Thinking about buying the Samsung Galaxy Watch 8 44mm in Kenya? We break down everything you need to know from Ksh 37,000 — from features and battery life to re",True,blog_content/batches/036-product-spotlights-4/138-samsung-galaxy-watch-8-44mm.json,1991
samsung-galaxy-z-flip-7-256gb-12gb-ram,Samsung Galaxy Z Flip 7 256GB 12GB RAM,buying_guide,Is the Samsung Galaxy Z Flip 7 256GB 12GB RAM the Right Affordable Phone for You in Kenya?,Samsung Galaxy Z Flip 7 256GB 12GB RAM in Kenya: Affordable ,"Read our full review of the affordable Samsung Galaxy Z Flip 7 256GB 12GB RAM by Samsung from Ksh 116,000. Discover key features, battery life, and best price i",True,blog_content/batches/036-product-spotlights-4/139-samsung-galaxy-z-flip-7-256gb-12gb-ram.json,2128
samsung-galaxy-z-fold-4-512gb-12gb-ram,Samsung Galaxy Z Fold 4 512GB 12GB RAM,buying_guide,Samsung Galaxy Z Fold 4 512GB 12GB RAM Review: Affordable Samsung Phone in Kenya,Samsung Galaxy Z Fold 4 512GB 12GB RAM Review: Best Price in,"Read our full review of the affordable Samsung Galaxy Z Fold 4 512GB 12GB RAM by Samsung from Ksh 96,000. Discover key features, battery life, and best price in",True,blog_content/batches/036-product-spotlights-4/140-samsung-galaxy-z-fold-4-512gb-12gb-ram.json,2119
samsung-galaxy-z-fold-7-256gb-12gb-ram,Samsung Galaxy Z Fold 7 256GB 12GB RAM,buying_guide,Samsung Galaxy Z Fold 7 256GB 12GB RAM: Best Price on Samsung's Latest Phone in Kenya,Samsung Galaxy Z Fold 7 256GB 12GB RAM: Affordable Review & ,"Read our full review of the affordable Samsung Galaxy Z Fold 7 256GB 12GB RAM by Samsung from Ksh 182,500. Discover key features, battery life, and best price i",True,blog_content/batches/036-product-spotlights-4/141-samsung-galaxy-z-fold-7-256gb-12gb-ram.json,2078
samsung-galaxy-z-fold-7-512gb-12gb-ram,Samsung Galaxy Z Fold 7 512GB 12GB RAM,buying_guide,Is the Samsung Galaxy Z Fold 7 512GB 12GB RAM the Right Affordable Phone for You in Kenya?,Buy Samsung Galaxy Z Fold 7 512GB 12GB RAM in Kenya at Best ,"Looking for the Samsung Galaxy Z Fold 7 512GB 12GB RAM at the best price in Kenya? Read our review covering design, battery, and value from Ksh 193,000. Availab",True,blog_content/batches/036-product-spotlights-4/142-samsung-galaxy-z-fold-7-512gb-12gb-ram.json,2025
xiaomi-17-pro-max-512gb-12gb-ram,Xiaomi 17 Pro Max 512GB 12GB RAM,buying_guide,"Xiaomi 17 Pro Max 512GB 12GB RAM Review: Performance, Battery, and Value in Kenya",Xiaomi 17 Pro Max 512GB 12GB RAM Review & Best Price | Affor,"Read our full review of the affordable Xiaomi 17 Pro Max 512GB 12GB RAM by Xiaomi from Ksh 133,500. Discover key features, battery life, and best price in Kenya",True,blog_content/batches/036-product-spotlights-4/143-xiaomi-17-pro-max-512gb-12gb-ram.json,2069
xiaomi-17-pro-max-512gb-16gb-ram,Xiaomi 17 Pro Max 512GB 16GB RAM,buying_guide,Xiaomi 17 Pro Max 512GB 16GB RAM: Best Price on Xiaomi's Latest Phone in Kenya,Xiaomi 17 Pro Max 512GB 16GB RAM: Affordable Review & Buying,"Read our full review of the affordable Xiaomi 17 Pro Max 512GB 16GB RAM by Xiaomi from Ksh 136,500. Discover key features, battery life, and best price in Kenya",True,blog_content/batches/036-product-spotlights-4/144-xiaomi-17-pro-max-512gb-16gb-ram.json,2014
test-payment-product,test payment product,buying_guide,test payment product Review: Affordable test Accessory in Kenya,Buy test payment product in Kenya at Best Price | Affordable,"Looking for the test payment product at the best price in Kenya? Read our review covering design, battery, and value. Available with warranty and same day shipp",True,blog_content/batches/036-product-spotlights-4/145-test-payment-product.json,1801
test1,test1,buying_guide,test1 Review: Affordable test Accessory in Kenya,test1: Affordable Review & Buying Guide Kenya | Affordable G,Thinking about buying the test1 in Kenya? We break down everything you need to know — from features and battery life to real-world performance. Affordable price,True,blog_content/batches/036-product-spotlights-4/146-test1.json,1731
iphone-12-pro-max,,buying_guide,iPhone 12 Pro Max Review: Affordable Apple Flagship in Kenya,iPhone 12 Pro Max Review: Best Price in Kenya | Affordable Gadgets KE,"Looking for the iPhone 12 Pro Max at the best price in Kenya? Read our review covering design, cameras, and value. Available with warranty and same day shipping at Affordable Gadgets KE.",True,blog_content/batches/037-remaining-1/001-iphone-12-pro-max.json,2674
